dataset,partition,threat,flip_rate,seed,arm,source,policy,timing,final_acc,delta_acc,recovery,auroc,rounds_to_target,kept,skipped,dedup_shared
cifar10,dir1,clean,,0,comfedsv_cgate,comfedsv,P5h,online,0.63075,-0.008124999999999938,,,72.0,,,
cifar10,dir1,clean,,0,comfedsv_gate_v2,comfedsv,P1,online,0.5985,-0.04037499999999994,,,96.0,,,
cifar10,dir1,clean,,0,comfedsv_gatew_v2,comfedsv,P2,online,0.577625,-0.061249999999999916,,,,,,
cifar10,dir1,clean,,0,comfedsv_mult,comfedsv,P3,online,0.64275,0.003875000000000073,,,72.0,,,
cifar10,dir1,clean,,0,comfedsv_pweight,comfedsv,P5s,online,0.637375,-0.0014999999999999458,,,73.0,,,
cifar10,dir1,clean,,0,comfedsv_zgate_v2,comfedsv,P4,online,0.63825,-0.0006249999999999867,,,73.0,,,
cifar10,dir1,clean,,0,fedif_cgate,fedif,P5h,online,0.6395,0.0006249999999999867,,,73.0,,,
cifar10,dir1,clean,,0,fedif_gate_v2,fedif,P1,online,0.6375,-0.001375000000000015,,,71.0,,,
cifar10,dir1,clean,,0,fedif_gatew_v2,fedif,P2,online,0.642,0.0031250000000000444,,,73.0,,,
cifar10,dir1,clean,,0,fedif_mult,fedif,P3,online,0.6415,0.0026249999999999885,,,72.0,,,
cifar10,dir1,clean,,0,fedif_pweight,fedif,P5s,online,0.64175,0.002875000000000072,,,72.0,,,
cifar10,dir1,clean,,0,fedif_zgate_v2,fedif,P4,online,0.650625,0.011750000000000038,,,75.0,,,
cifar10,dir1,clean,,0,fedsv_cgate,fedsv,P5h,online,0.6295,-0.009375000000000022,,,72.0,,,
cifar10,dir1,clean,,0,fedsv_gate_v2,fedsv,P1,online,0.59175,-0.04712499999999997,,,105.0,,,
cifar10,dir1,clean,,0,fedsv_gatew_v2,fedsv,P2,online,0.60575,-0.03312499999999996,,,92.0,,,
cifar10,dir1,clean,,0,fedsv_mult,fedsv,P3,online,0.6445,0.005624999999999991,,,72.0,,,
cifar10,dir1,clean,,0,fedsv_pweight,fedsv,P5s,online,0.637625,-0.0012499999999999734,,,73.0,,,
cifar10,dir1,clean,,0,fedsv_zgate_v2,fedsv,P4,online,0.644375,0.00550000000000006,,,70.0,,,
cifar10,dir1,clean,,0,flirds1st_cgate,flirds1st,P5h,online,0.63875,-0.00012499999999993072,,,73.0,,,
cifar10,dir1,clean,,0,flirds1st_gate_v2,flirds1st,P1,online,0.6365,-0.002375000000000016,,,73.0,,,
cifar10,dir1,clean,,0,flirds1st_gatew_v2,flirds1st,P2,online,0.641125,0.0022499999999999742,,,73.0,,,
cifar10,dir1,clean,,0,flirds1st_mult,flirds1st,P3,online,0.64375,0.004875000000000074,,,72.0,,,
cifar10,dir1,clean,,0,flirds1st_pweight,flirds1st,P5s,online,0.641125,0.0022499999999999742,,,72.0,,,
cifar10,dir1,clean,,0,flirds1st_zgate_v2,flirds1st,P4,online,0.64475,0.005875000000000075,,,70.0,,,
cifar10,dir1,clean,,0,flirds_cgate,flirds,P5h,online,0.638875,0.0,,,73.0,,,
cifar10,dir1,clean,,0,flirds_gate_v1,flirds,P1v1,online,0.64475,0.005875000000000075,,,72.0,,,
cifar10,dir1,clean,,0,flirds_gate_v2,flirds,P1,online,0.624625,-0.014249999999999985,,,75.0,,,
cifar10,dir1,clean,,0,flirds_gatew_v1,,,,0.641875,0.0030000000000000027,,,72.0,,,
cifar10,dir1,clean,,0,flirds_gatew_v2,flirds,P2,online,0.618875,-0.020000000000000018,,,71.0,,,
cifar10,dir1,clean,,0,flirds_mult,flirds,P3,online,0.643375,0.0045000000000000595,,,72.0,,,
cifar10,dir1,clean,,0,flirds_pweight,flirds,P5s,online,0.637,-0.00187499999999996,,,76.0,,,
cifar10,dir1,clean,,0,flirds_zgate_v2,flirds,P4,online,0.6345,-0.004375000000000018,,,73.0,,,
cifar10,dir1,clean,,0,gtg_cgate,gtg,P5h,online,0.63875,-0.00012499999999993072,,,66.0,,,
cifar10,dir1,clean,,0,gtg_gate_v2,gtg,P1,online,0.606,-0.03287499999999999,,,85.0,,,
cifar10,dir1,clean,,0,gtg_gatew_v2,gtg,P2,online,0.618875,-0.020000000000000018,,,83.0,,,
cifar10,dir1,clean,,0,gtg_mult,gtg,P3,online,0.646875,0.008000000000000007,,,65.0,,,
cifar10,dir1,clean,,0,gtg_pweight,gtg,P5s,online,0.634625,-0.004249999999999976,,,76.0,,,
cifar10,dir1,clean,,0,gtg_zgate_v2,gtg,P4,online,0.642125,0.003249999999999975,,,73.0,,,
cifar10,dir1,clean,,0,lossheur_cgate,lossheur,P5h,online,0.638125,-0.0007499999999999174,,,73.0,,,
cifar10,dir1,clean,,0,lossheur_gate_v2,lossheur,P1,online,0.6275,-0.011375000000000024,,,79.0,,,
cifar10,dir1,clean,,0,lossheur_gatew_v2,lossheur,P2,online,0.633375,-0.005499999999999949,,,75.0,,,
cifar10,dir1,clean,,0,lossheur_mult,lossheur,P3,online,0.644875,0.006000000000000005,,,72.0,,,
cifar10,dir1,clean,,0,lossheur_pweight,lossheur,P5s,online,0.643125,0.004249999999999976,,,72.0,,,
cifar10,dir1,clean,,0,lossheur_zgate_v2,lossheur,P4,online,0.646,0.007125000000000048,,,75.0,,,
cifar10,dir1,clean,,0,observer,,,,0.637875,-0.0010000000000000009,,,72.0,,,
cifar10,dir1,clean,,0,shapleyfl_cgate,shapleyfl,P5h,online,0.637875,-0.0010000000000000009,,,72.0,,,
cifar10,dir1,clean,,0,shapleyfl_gate_v2,shapleyfl,P1,online,0.603875,-0.03499999999999992,,,88.0,,,
cifar10,dir1,clean,,0,shapleyfl_gatew_v2,shapleyfl,P2,online,0.600875,-0.03799999999999992,,,84.0,,,
cifar10,dir1,clean,,0,shapleyfl_mult,shapleyfl,P3,online,0.647,0.008125000000000049,,,65.0,,,
cifar10,dir1,clean,,0,shapleyfl_pweight,shapleyfl,P5s,online,0.63425,-0.00462499999999999,,,76.0,,,
cifar10,dir1,clean,,0,shapleyfl_zgate_v2,shapleyfl,P4,online,0.636625,-0.0022499999999999742,,,72.0,,,
cifar10,dir1,clean,,0,t2_csign_comfedsv,comfedsv,P5h,retrain,0.63675,-0.0021249999999999325,,,71.0,86.0,,False
cifar10,dir1,clean,,0,t2_csign_fedif,fedif,P5h,retrain,0.638875,0.0,,,,100.0,equals_vanilla,
cifar10,dir1,clean,,0,t2_csign_fedsv,fedsv,P5h,retrain,0.647875,0.009000000000000008,,,72.0,87.0,,False
cifar10,dir1,clean,,0,t2_csign_flirds,flirds,P5h,retrain,0.632,-0.0068749999999999645,,,75.0,90.0,,False
cifar10,dir1,clean,,0,t2_csign_flirds1st,flirds1st,P5h,retrain,0.638875,0.0,,,,100.0,equals_vanilla,
cifar10,dir1,clean,,0,t2_csign_gtg,gtg,P5h,retrain,0.638625,-0.00024999999999997247,,,67.0,75.0,,False
cifar10,dir1,clean,,0,t2_csign_lossheur,lossheur,P5h,retrain,0.638875,0.0,,,75.0,97.0,,False
cifar10,dir1,clean,,0,t2_csign_shapleyfl,shapleyfl,P5h,retrain,0.6355,-0.003375000000000017,,,71.0,76.0,,False
cifar10,dir1,clean,,0,t2_pw_comfedsv,comfedsv,P5s,retrain,0.634375,-0.0044999999999999485,,,77.0,100.0,,False
cifar10,dir1,clean,,0,t2_pw_fedif,fedif,P5s,retrain,0.643125,0.004249999999999976,,,72.0,100.0,,False
cifar10,dir1,clean,,0,t2_pw_fedsv,fedsv,P5s,retrain,0.633,-0.005874999999999964,,,77.0,100.0,,False
cifar10,dir1,clean,,0,t2_pw_flirds,flirds,P5s,retrain,0.637,-0.00187499999999996,,,80.0,100.0,,False
cifar10,dir1,clean,,0,t2_pw_flirds1st,flirds1st,P5s,retrain,0.64275,0.003875000000000073,,,65.0,100.0,,False
cifar10,dir1,clean,,0,t2_pw_gtg,gtg,P5s,retrain,0.63425,-0.00462499999999999,,,81.0,100.0,,False
cifar10,dir1,clean,,0,t2_pw_lossheur,lossheur,P5s,retrain,0.63825,-0.0006249999999999867,,,76.0,100.0,,False
cifar10,dir1,clean,,0,t2_pw_shapleyfl,shapleyfl,P5s,retrain,0.627625,-0.011249999999999982,,,81.0,100.0,,False
cifar10,dir1,clean,,0,t2_random_k52,,,,0.612625,-0.026249999999999996,,,88.0,52.0,,False
cifar10,dir1,clean,,0,t2_random_k54,,,,0.616375,-0.022499999999999964,,,84.0,54.0,,False
cifar10,dir1,clean,,0,t2_random_k58,,,,0.621625,-0.017249999999999988,,,83.0,58.0,,False
cifar10,dir1,clean,,0,t2_random_k75,,,,0.6275,-0.011375000000000024,,,77.0,75.0,,False
cifar10,dir1,clean,,0,t2_random_k76,,,,0.625625,-0.013249999999999984,,,79.0,76.0,,False
cifar10,dir1,clean,,0,t2_random_k86,,,,0.63975,0.0008750000000000702,,,77.0,86.0,,False
cifar10,dir1,clean,,0,t2_random_k87,,,,0.640625,0.0017500000000000293,,,73.0,87.0,,False
cifar10,dir1,clean,,0,t2_random_k90,,,,0.633375,-0.005499999999999949,,,65.0,90.0,,False
cifar10,dir1,clean,,0,t2_random_k97,,,,0.634125,-0.004749999999999921,,,76.0,97.0,,False
cifar10,dir1,clean,,0,t2_random_k99,,,,0.638,-0.0008749999999999591,,,73.0,99.0,,False
cifar10,dir1,clean,,0,t2_sign_comfedsv,comfedsv,P1,retrain,0.611875,-0.027000000000000024,,,80.0,52.0,,False
cifar10,dir1,clean,,0,t2_sign_fedif,fedif,P1,retrain,0.638125,-0.0007499999999999174,,,76.0,99.0,,True
cifar10,dir1,clean,,0,t2_sign_fedsv,fedsv,P1,retrain,0.619125,-0.019749999999999934,,,82.0,54.0,,False
cifar10,dir1,clean,,0,t2_sign_flirds,flirds,P1,retrain,0.623625,-0.015249999999999986,,,85.0,76.0,,False
cifar10,dir1,clean,,0,t2_sign_flirds1st,flirds1st,P1,retrain,0.638125,-0.0007499999999999174,,,76.0,99.0,,False
cifar10,dir1,clean,,0,t2_sign_gtg,gtg,P1,retrain,0.628375,-0.010499999999999954,,,73.0,58.0,,False
cifar10,dir1,clean,,0,t2_sign_lossheur,lossheur,P1,retrain,0.63025,-0.008624999999999994,,,74.0,87.0,,False
cifar10,dir1,clean,,0,t2_sign_shapleyfl,shapleyfl,P1,retrain,0.613125,-0.02574999999999994,,,72.0,58.0,,False
cifar10,dir1,clean,,0,t2_signw_comfedsv,comfedsv,P2,retrain,0.590625,-0.048250000000000015,,,104.0,52.0,,False
cifar10,dir1,clean,,0,t2_signw_fedif,fedif,P2,retrain,0.63525,-0.0036249999999999893,,,76.0,99.0,,False
cifar10,dir1,clean,,0,t2_signw_fedsv,fedsv,P2,retrain,0.60725,-0.031625000000000014,,,87.0,54.0,,False
cifar10,dir1,clean,,0,t2_signw_flirds,flirds,P2,retrain,0.60175,-0.037124999999999964,,,98.0,76.0,,False
cifar10,dir1,clean,,0,t2_signw_flirds1st,flirds1st,P2,retrain,0.634875,-0.0040000000000000036,,,72.0,99.0,,False
cifar10,dir1,clean,,0,t2_signw_gtg,gtg,P2,retrain,0.607875,-0.030999999999999917,,,80.0,58.0,,False
cifar10,dir1,clean,,0,t2_signw_lossheur,lossheur,P2,retrain,0.628875,-0.010000000000000009,,,80.0,87.0,,False
cifar10,dir1,clean,,0,t2_signw_shapleyfl,shapleyfl,P2,retrain,0.600375,-0.03849999999999998,,,86.0,58.0,,False
cifar10,dir1,clean,,0,vanilla,,,,0.638875,0.0,,,72.0,,,
cifar10,dir1,clean,,1,comfedsv_cgate,comfedsv,P5h,online,0.632625,-0.0010000000000000009,,,72.0,,,
cifar10,dir1,clean,,1,comfedsv_gate_v2,comfedsv,P1,online,0.60075,-0.03287499999999999,,,87.0,,,
cifar10,dir1,clean,,1,comfedsv_gatew_v2,comfedsv,P2,online,0.601,-0.032625000000000015,,,90.0,,,
cifar10,dir1,clean,,1,comfedsv_mult,comfedsv,P3,online,0.632875,-0.0007500000000000284,,,72.0,,,
cifar10,dir1,clean,,1,comfedsv_pweight,comfedsv,P5s,online,0.634375,0.0007500000000000284,,,72.0,,,
cifar10,dir1,clean,,1,comfedsv_zgate_v2,comfedsv,P4,online,0.6425,0.008874999999999966,,,77.0,,,
cifar10,dir1,clean,,1,fedif_cgate,fedif,P5h,online,0.639375,0.005750000000000033,,,74.0,,,
cifar10,dir1,clean,,1,fedif_gate_v2,fedif,P1,online,0.639375,0.005750000000000033,,,71.0,,,
cifar10,dir1,clean,,1,fedif_gatew_v2,fedif,P2,online,0.63425,0.0006249999999999867,,,74.0,,,
cifar10,dir1,clean,,1,fedif_mult,fedif,P3,online,0.64125,0.007624999999999993,,,79.0,,,
cifar10,dir1,clean,,1,fedif_pweight,fedif,P5s,online,0.632625,-0.0010000000000000009,,,71.0,,,
cifar10,dir1,clean,,1,fedif_zgate_v2,fedif,P4,online,0.635375,0.0017500000000000293,,,73.0,,,
cifar10,dir1,clean,,1,fedsv_cgate,fedsv,P5h,online,0.63475,0.0011250000000000426,,,67.0,,,
cifar10,dir1,clean,,1,fedsv_gate_v2,fedsv,P1,online,0.60675,-0.026874999999999982,,,82.0,,,
cifar10,dir1,clean,,1,fedsv_gatew_v2,fedsv,P2,online,0.610125,-0.023499999999999965,,,87.0,,,
cifar10,dir1,clean,,1,fedsv_mult,fedsv,P3,online,0.635875,0.0022499999999999742,,,72.0,,,
cifar10,dir1,clean,,1,fedsv_pweight,fedsv,P5s,online,0.631625,-0.0020000000000000018,,,74.0,,,
cifar10,dir1,clean,,1,fedsv_zgate_v2,fedsv,P4,online,0.647625,0.014000000000000012,,,74.0,,,
cifar10,dir1,clean,,1,flirds1st_cgate,flirds1st,P5h,online,0.639375,0.005750000000000033,,,74.0,,,
cifar10,dir1,clean,,1,flirds1st_gate_v2,flirds1st,P1,online,0.63975,0.006125000000000047,,,71.0,,,
cifar10,dir1,clean,,1,flirds1st_gatew_v2,flirds1st,P2,online,0.6345,0.0008749999999999591,,,74.0,,,
cifar10,dir1,clean,,1,flirds1st_mult,flirds1st,P3,online,0.641,0.00737500000000002,,,72.0,,,
cifar10,dir1,clean,,1,flirds1st_pweight,flirds1st,P5s,online,0.631375,-0.0022499999999999742,,,72.0,,,
cifar10,dir1,clean,,1,flirds1st_zgate_v2,flirds1st,P4,online,0.635125,0.0015000000000000568,,,77.0,,,
cifar10,dir1,clean,,1,flirds_cgate,flirds,P5h,online,0.638375,0.004750000000000032,,,75.0,,,
cifar10,dir1,clean,,1,flirds_gate_v1,flirds,P1v1,online,0.638375,0.004750000000000032,,,74.0,,,
cifar10,dir1,clean,,1,flirds_gate_v2,flirds,P1,online,0.639375,0.005750000000000033,,,73.0,,,
cifar10,dir1,clean,,1,flirds_gatew_v1,,,,0.632125,-0.0014999999999999458,,,74.0,,,
cifar10,dir1,clean,,1,flirds_gatew_v2,flirds,P2,online,0.623625,-0.010000000000000009,,,75.0,,,
cifar10,dir1,clean,,1,flirds_mult,flirds,P3,online,0.639375,0.005750000000000033,,,72.0,,,
cifar10,dir1,clean,,1,flirds_pweight,flirds,P5s,online,0.63875,0.005125000000000046,,,74.0,,,
cifar10,dir1,clean,,1,flirds_zgate_v2,flirds,P4,online,0.642375,0.008750000000000036,,,73.0,,,
cifar10,dir1,clean,,1,gtg_cgate,gtg,P5h,online,0.63875,0.005125000000000046,,,76.0,,,
cifar10,dir1,clean,,1,gtg_gate_v2,gtg,P1,online,0.612,-0.021625000000000005,,,85.0,,,
cifar10,dir1,clean,,1,gtg_gatew_v2,gtg,P2,online,0.604625,-0.029000000000000026,,,83.0,,,
cifar10,dir1,clean,,1,gtg_mult,gtg,P3,online,0.636125,0.0025000000000000577,,,72.0,,,
cifar10,dir1,clean,,1,gtg_pweight,gtg,P5s,online,0.6335,-0.00012500000000004174,,,74.0,,,
cifar10,dir1,clean,,1,gtg_zgate_v2,gtg,P4,online,0.64125,0.007624999999999993,,,72.0,,,
cifar10,dir1,clean,,1,lossheur_cgate,lossheur,P5h,online,0.63925,0.005624999999999991,,,74.0,,,
cifar10,dir1,clean,,1,lossheur_gate_v2,lossheur,P1,online,0.629875,-0.003750000000000031,,,79.0,,,
cifar10,dir1,clean,,1,lossheur_gatew_v2,lossheur,P2,online,0.634375,0.0007500000000000284,,,78.0,,,
cifar10,dir1,clean,,1,lossheur_mult,lossheur,P3,online,0.637375,0.003750000000000031,,,72.0,,,
cifar10,dir1,clean,,1,lossheur_pweight,lossheur,P5s,online,0.6365,0.002874999999999961,,,71.0,,,
cifar10,dir1,clean,,1,lossheur_zgate_v2,lossheur,P4,online,0.644375,0.010750000000000037,,,72.0,,,
cifar10,dir1,clean,,1,observer,,,,0.633625,0.0,,,74.0,,,
cifar10,dir1,clean,,1,shapleyfl_cgate,shapleyfl,P5h,online,0.64025,0.006624999999999992,,,75.0,,,
cifar10,dir1,clean,,1,shapleyfl_gate_v2,shapleyfl,P1,online,0.61,-0.023625000000000007,,,77.0,,,
cifar10,dir1,clean,,1,shapleyfl_gatew_v2,shapleyfl,P2,online,0.603125,-0.03049999999999997,,,89.0,,,
cifar10,dir1,clean,,1,shapleyfl_mult,shapleyfl,P3,online,0.63725,0.0036249999999999893,,,72.0,,,
cifar10,dir1,clean,,1,shapleyfl_pweight,shapleyfl,P5s,online,0.63275,-0.0008749999999999591,,,74.0,,,
cifar10,dir1,clean,,1,shapleyfl_zgate_v2,shapleyfl,P4,online,0.64275,0.00912500000000005,,,72.0,,,
cifar10,dir1,clean,,1,t2_csign_comfedsv,comfedsv,P5h,retrain,0.643375,0.009750000000000036,,,72.0,86.0,,False
cifar10,dir1,clean,,1,t2_csign_fedif,fedif,P5h,retrain,0.633625,0.0,,,,100.0,equals_vanilla,
cifar10,dir1,clean,,1,t2_csign_fedsv,fedsv,P5h,retrain,0.63675,0.0031250000000000444,,,73.0,84.0,,False
cifar10,dir1,clean,,1,t2_csign_flirds,flirds,P5h,retrain,0.63925,0.005624999999999991,,,75.0,90.0,,False
cifar10,dir1,clean,,1,t2_csign_flirds1st,flirds1st,P5h,retrain,0.633625,0.0,,,,100.0,equals_vanilla,
cifar10,dir1,clean,,1,t2_csign_gtg,gtg,P5h,retrain,0.632625,-0.0010000000000000009,,,71.0,85.0,,False
cifar10,dir1,clean,,1,t2_csign_lossheur,lossheur,P5h,retrain,0.638625,0.0050000000000000044,,,74.0,96.0,,False
cifar10,dir1,clean,,1,t2_csign_shapleyfl,shapleyfl,P5h,retrain,0.63675,0.0031250000000000444,,,71.0,78.0,,False
cifar10,dir1,clean,,1,t2_pw_comfedsv,comfedsv,P5s,retrain,0.632375,-0.0012499999999999734,,,74.0,100.0,,False
cifar10,dir1,clean,,1,t2_pw_fedif,fedif,P5s,retrain,0.63325,-0.0003750000000000142,,,74.0,100.0,,False
cifar10,dir1,clean,,1,t2_pw_fedsv,fedsv,P5s,retrain,0.63275,-0.0008749999999999591,,,74.0,100.0,,False
cifar10,dir1,clean,,1,t2_pw_flirds,flirds,P5s,retrain,0.6365,0.002874999999999961,,,74.0,100.0,,False
cifar10,dir1,clean,,1,t2_pw_flirds1st,flirds1st,P5s,retrain,0.630625,-0.0030000000000000027,,,74.0,100.0,,False
cifar10,dir1,clean,,1,t2_pw_gtg,gtg,P5s,retrain,0.63025,-0.003375000000000017,,,74.0,100.0,,False
cifar10,dir1,clean,,1,t2_pw_lossheur,lossheur,P5s,retrain,0.636,0.002375000000000016,,,74.0,100.0,,False
cifar10,dir1,clean,,1,t2_pw_shapleyfl,shapleyfl,P5s,retrain,0.630375,-0.003249999999999975,,,80.0,99.0,,False
cifar10,dir1,clean,,1,t2_random_k58,,,,0.625125,-0.008499999999999952,,,80.0,58.0,,False
cifar10,dir1,clean,,1,t2_random_k63,,,,0.635625,0.0020000000000000018,,,71.0,63.0,,False
cifar10,dir1,clean,,1,t2_random_k64,,,,0.626875,-0.006750000000000034,,,80.0,64.0,,False
cifar10,dir1,clean,,1,t2_random_k65,,,,0.6325,-0.0011250000000000426,,,79.0,65.0,,False
cifar10,dir1,clean,,1,t2_random_k67,,,,0.6365,0.002874999999999961,,,76.0,67.0,,False
cifar10,dir1,clean,,1,t2_random_k78,,,,0.636875,0.003249999999999975,,,77.0,78.0,,False
cifar10,dir1,clean,,1,t2_random_k84,,,,0.627375,-0.006249999999999978,,,73.0,84.0,,False
cifar10,dir1,clean,,1,t2_random_k85,,,,0.631875,-0.0017500000000000293,,,77.0,85.0,,False
cifar10,dir1,clean,,1,t2_random_k86,,,,0.637875,0.004249999999999976,,,76.0,86.0,,False
cifar10,dir1,clean,,1,t2_random_k89,,,,0.635375,0.0017500000000000293,,,75.0,89.0,,False
cifar10,dir1,clean,,1,t2_random_k90,,,,0.63225,-0.001375000000000015,,,73.0,90.0,,False
cifar10,dir1,clean,,1,t2_random_k96,,,,0.634125,0.000500000000000056,,,73.0,96.0,,False
cifar10,dir1,clean,,1,t2_random_k99,,,,0.64125,0.007624999999999993,,,71.0,99.0,,False
cifar10,dir1,clean,,1,t2_sign_comfedsv,comfedsv,P1,retrain,0.636125,0.0025000000000000577,,,72.0,65.0,,False
cifar10,dir1,clean,,1,t2_sign_fedif,fedif,P1,retrain,0.64275,0.00912500000000005,,,71.0,99.0,,False
cifar10,dir1,clean,,1,t2_sign_fedsv,fedsv,P1,retrain,0.624625,-0.009000000000000008,,,76.0,63.0,,False
cifar10,dir1,clean,,1,t2_sign_flirds,flirds,P1,retrain,0.63875,0.005125000000000046,,,74.0,67.0,,False
cifar10,dir1,clean,,1,t2_sign_flirds1st,flirds1st,P1,retrain,0.633625,0.0,,,,100.0,equals_vanilla,
cifar10,dir1,clean,,1,t2_sign_gtg,gtg,P1,retrain,0.634,0.0003750000000000142,,,68.0,58.0,,False
cifar10,dir1,clean,,1,t2_sign_lossheur,lossheur,P1,retrain,0.633875,0.00024999999999997247,,,74.0,89.0,,False
cifar10,dir1,clean,,1,t2_sign_shapleyfl,shapleyfl,P1,retrain,0.635625,0.0020000000000000018,,,71.0,64.0,,False
cifar10,dir1,clean,,1,t2_signw_comfedsv,comfedsv,P2,retrain,0.61825,-0.015375000000000028,,,75.0,65.0,,False
cifar10,dir1,clean,,1,t2_signw_fedif,fedif,P2,retrain,0.629875,-0.003750000000000031,,,74.0,99.0,,False
cifar10,dir1,clean,,1,t2_signw_fedsv,fedsv,P2,retrain,0.613125,-0.020499999999999963,,,76.0,63.0,,False
cifar10,dir1,clean,,1,t2_signw_flirds,flirds,P2,retrain,0.622625,-0.01100000000000001,,,75.0,67.0,,False
cifar10,dir1,clean,,1,t2_signw_flirds1st,flirds1st,P2,retrain,0.63,-0.0036249999999999893,,,74.0,100.0,,False
cifar10,dir1,clean,,1,t2_signw_gtg,gtg,P2,retrain,0.62225,-0.011375000000000024,,,82.0,58.0,,False
cifar10,dir1,clean,,1,t2_signw_lossheur,lossheur,P2,retrain,0.61925,-0.014375000000000027,,,74.0,89.0,,False
cifar10,dir1,clean,,1,t2_signw_shapleyfl,shapleyfl,P2,retrain,0.62575,-0.007874999999999965,,,80.0,64.0,,False
cifar10,dir1,clean,,1,vanilla,,,,0.633625,0.0,,,74.0,,,
cifar10,dir1,clean,,2,comfedsv_cgate,comfedsv,P5h,online,0.62625,-0.017874999999999974,,,70.0,,,
cifar10,dir1,clean,,2,comfedsv_gate_v2,comfedsv,P1,online,0.589625,-0.05449999999999999,,,107.0,,,
cifar10,dir1,clean,,2,comfedsv_gatew_v2,comfedsv,P2,online,0.591,-0.05312499999999998,,,,,,
cifar10,dir1,clean,,2,comfedsv_mult,comfedsv,P3,online,0.639875,-0.004249999999999976,,,73.0,,,
cifar10,dir1,clean,,2,comfedsv_pweight,comfedsv,P5s,online,0.6285,-0.015625,,,75.0,,,
cifar10,dir1,clean,,2,comfedsv_zgate_v2,comfedsv,P4,online,0.643,-0.0011249999999999316,,,70.0,,,
cifar10,dir1,clean,,2,fedif_cgate,fedif,P5h,online,0.63875,-0.005374999999999908,,,75.0,,,
cifar10,dir1,clean,,2,fedif_gate_v2,fedif,P1,online,0.638875,-0.005249999999999977,,,71.0,,,
cifar10,dir1,clean,,2,fedif_gatew_v2,fedif,P2,online,0.63625,-0.007874999999999965,,,75.0,,,
cifar10,dir1,clean,,2,fedif_mult,fedif,P3,online,0.640625,-0.0034999999999999476,,,71.0,,,
cifar10,dir1,clean,,2,fedif_pweight,fedif,P5s,online,0.64325,-0.0008749999999999591,,,71.0,,,
cifar10,dir1,clean,,2,fedif_zgate_v2,fedif,P4,online,0.629375,-0.01474999999999993,,,75.0,,,
cifar10,dir1,clean,,2,fedsv_cgate,fedsv,P5h,online,0.625875,-0.01824999999999999,,,68.0,,,
cifar10,dir1,clean,,2,fedsv_gate_v2,fedsv,P1,online,0.596,-0.04812499999999997,,,101.0,,,
cifar10,dir1,clean,,2,fedsv_gatew_v2,fedsv,P2,online,0.596,-0.04812499999999997,,,116.0,,,
cifar10,dir1,clean,,2,fedsv_mult,fedsv,P3,online,0.64,-0.004124999999999934,,,72.0,,,
cifar10,dir1,clean,,2,fedsv_pweight,fedsv,P5s,online,0.62975,-0.014374999999999916,,,75.0,,,
cifar10,dir1,clean,,2,fedsv_zgate_v2,fedsv,P4,online,0.63875,-0.005374999999999908,,,74.0,,,
cifar10,dir1,clean,,2,flirds1st_cgate,flirds1st,P5h,online,0.63875,-0.005374999999999908,,,75.0,,,
cifar10,dir1,clean,,2,flirds1st_gate_v2,flirds1st,P1,online,0.639,-0.005124999999999935,,,75.0,,,
cifar10,dir1,clean,,2,flirds1st_gatew_v2,flirds1st,P2,online,0.63775,-0.0063749999999999085,,,75.0,,,
cifar10,dir1,clean,,2,flirds1st_mult,flirds1st,P3,online,0.639625,-0.0044999999999999485,,,71.0,,,
cifar10,dir1,clean,,2,flirds1st_pweight,flirds1st,P5s,online,0.643625,-0.0004999999999999449,,,71.0,,,
cifar10,dir1,clean,,2,flirds1st_zgate_v2,flirds1st,P4,online,0.628875,-0.015249999999999986,,,78.0,,,
cifar10,dir1,clean,,2,flirds_cgate,flirds,P5h,online,0.635125,-0.008999999999999897,,,75.0,,,
cifar10,dir1,clean,,2,flirds_gate_v1,flirds,P1v1,online,0.623875,-0.02024999999999999,,,73.0,,,
cifar10,dir1,clean,,2,flirds_gate_v2,flirds,P1,online,0.6305,-0.013624999999999998,,,74.0,,,
cifar10,dir1,clean,,2,flirds_gatew_v1,,,,0.585375,-0.05874999999999997,,,82.0,,,
cifar10,dir1,clean,,2,flirds_gatew_v2,flirds,P2,online,0.613875,-0.03025,,,82.0,,,
cifar10,dir1,clean,,2,flirds_mult,flirds,P3,online,0.644875,0.0007500000000000284,,,71.0,,,
cifar10,dir1,clean,,2,flirds_pweight,flirds,P5s,online,0.635375,-0.008749999999999925,,,74.0,,,
cifar10,dir1,clean,,2,flirds_zgate_v2,flirds,P4,online,0.625375,-0.018749999999999933,,,71.0,,,
cifar10,dir1,clean,,2,gtg_cgate,gtg,P5h,online,0.627875,-0.016249999999999987,,,75.0,,,
cifar10,dir1,clean,,2,gtg_gate_v2,gtg,P1,online,0.59725,-0.046875,,,99.0,,,
cifar10,dir1,clean,,2,gtg_gatew_v2,gtg,P2,online,0.599375,-0.044749999999999956,,,103.0,,,
cifar10,dir1,clean,,2,gtg_mult,gtg,P3,online,0.6385,-0.005624999999999991,,,72.0,,,
cifar10,dir1,clean,,2,gtg_pweight,gtg,P5s,online,0.630875,-0.013249999999999984,,,79.0,,,
cifar10,dir1,clean,,2,gtg_zgate_v2,gtg,P4,online,0.6365,-0.007624999999999993,,,75.0,,,
cifar10,dir1,clean,,2,lossheur_cgate,lossheur,P5h,online,0.63275,-0.011374999999999913,,,70.0,,,
cifar10,dir1,clean,,2,lossheur_gate_v2,lossheur,P1,online,0.621875,-0.022249999999999992,,,79.0,,,
cifar10,dir1,clean,,2,lossheur_gatew_v2,lossheur,P2,online,0.614375,-0.029749999999999943,,,71.0,,,
cifar10,dir1,clean,,2,lossheur_mult,lossheur,P3,online,0.64,-0.004124999999999934,,,71.0,,,
cifar10,dir1,clean,,2,lossheur_pweight,lossheur,P5s,online,0.641375,-0.002749999999999919,,,74.0,,,
cifar10,dir1,clean,,2,lossheur_zgate_v2,lossheur,P4,online,0.63925,-0.004874999999999963,,,75.0,,,
cifar10,dir1,clean,,2,observer,,,,0.6425,-0.0016249999999999876,,,71.0,,,
cifar10,dir1,clean,,2,shapleyfl_cgate,shapleyfl,P5h,online,0.62825,-0.015874999999999972,,,70.0,,,
cifar10,dir1,clean,,2,shapleyfl_gate_v2,shapleyfl,P1,online,0.599625,-0.044499999999999984,,,113.0,,,
cifar10,dir1,clean,,2,shapleyfl_gatew_v2,shapleyfl,P2,online,0.5945,-0.04962499999999992,,,,,,
cifar10,dir1,clean,,2,shapleyfl_mult,shapleyfl,P3,online,0.639375,-0.004749999999999921,,,68.0,,,
cifar10,dir1,clean,,2,shapleyfl_pweight,shapleyfl,P5s,online,0.63025,-0.01387499999999997,,,79.0,,,
cifar10,dir1,clean,,2,shapleyfl_zgate_v2,shapleyfl,P4,online,0.6355,-0.008624999999999994,,,71.0,,,
cifar10,dir1,clean,,2,t2_csign_comfedsv,comfedsv,P5h,retrain,0.63625,-0.007874999999999965,,,73.0,80.0,,False
cifar10,dir1,clean,,2,t2_csign_fedif,fedif,P5h,retrain,0.644125,0.0,,,,100.0,equals_vanilla,
cifar10,dir1,clean,,2,t2_csign_fedsv,fedsv,P5h,retrain,0.6305,-0.013624999999999998,,,75.0,81.0,,False
cifar10,dir1,clean,,2,t2_csign_flirds,flirds,P5h,retrain,0.62875,-0.015374999999999917,,,75.0,89.0,,False
cifar10,dir1,clean,,2,t2_csign_flirds1st,flirds1st,P5h,retrain,0.644125,0.0,,,,100.0,equals_vanilla,
cifar10,dir1,clean,,2,t2_csign_gtg,gtg,P5h,retrain,0.63775,-0.0063749999999999085,,,69.0,74.0,,False
cifar10,dir1,clean,,2,t2_csign_lossheur,lossheur,P5h,retrain,0.6335,-0.010624999999999996,,,74.0,98.0,,False
cifar10,dir1,clean,,2,t2_csign_shapleyfl,shapleyfl,P5h,retrain,0.629625,-0.014499999999999957,,,69.0,74.0,,False
cifar10,dir1,clean,,2,t2_pw_comfedsv,comfedsv,P5s,retrain,0.626125,-0.017999999999999905,,,81.0,100.0,,False
cifar10,dir1,clean,,2,t2_pw_fedif,fedif,P5s,retrain,0.643,-0.0011249999999999316,,,71.0,100.0,,False
cifar10,dir1,clean,,2,t2_pw_fedsv,fedsv,P5s,retrain,0.624875,-0.01924999999999999,,,79.0,100.0,,False
cifar10,dir1,clean,,2,t2_pw_flirds,flirds,P5s,retrain,0.631625,-0.012499999999999956,,,75.0,100.0,,False
cifar10,dir1,clean,,2,t2_pw_flirds1st,flirds1st,P5s,retrain,0.642625,-0.0014999999999999458,,,71.0,100.0,,False
cifar10,dir1,clean,,2,t2_pw_gtg,gtg,P5s,retrain,0.62625,-0.017874999999999974,,,79.0,100.0,,False
cifar10,dir1,clean,,2,t2_pw_lossheur,lossheur,P5s,retrain,0.637,-0.007124999999999937,,,74.0,100.0,,False
cifar10,dir1,clean,,2,t2_pw_shapleyfl,shapleyfl,P5s,retrain,0.624625,-0.019499999999999962,,,80.0,98.0,,False
cifar10,dir1,clean,,2,t2_random_k53,,,,0.612625,-0.03149999999999997,,,77.0,53.0,,False
cifar10,dir1,clean,,2,t2_random_k54,,,,0.619625,-0.024499999999999966,,,77.0,54.0,,False
cifar10,dir1,clean,,2,t2_random_k56,,,,0.620625,-0.023499999999999965,,,74.0,56.0,,False
cifar10,dir1,clean,,2,t2_random_k64,,,,0.633375,-0.010749999999999926,,,79.0,64.0,,False
cifar10,dir1,clean,,2,t2_random_k74,,,,0.62925,-0.014874999999999972,,,75.0,74.0,,False
cifar10,dir1,clean,,2,t2_random_k80,,,,0.618,-0.026124999999999954,,,72.0,80.0,,False
cifar10,dir1,clean,,2,t2_random_k81,,,,0.6205,-0.023624999999999896,,,74.0,81.0,,False
cifar10,dir1,clean,,2,t2_random_k84,,,,0.630875,-0.013249999999999984,,,74.0,84.0,,False
cifar10,dir1,clean,,2,t2_random_k89,,,,0.635375,-0.008749999999999925,,,77.0,89.0,,False
cifar10,dir1,clean,,2,t2_random_k98,,,,0.6355,-0.008624999999999994,,,71.0,98.0,,False
cifar10,dir1,clean,,2,t2_sign_comfedsv,comfedsv,P1,retrain,0.6215,-0.022624999999999895,,,77.0,56.0,,False
cifar10,dir1,clean,,2,t2_sign_fedif,fedif,P1,retrain,0.644125,0.0,,,,100.0,equals_vanilla,
cifar10,dir1,clean,,2,t2_sign_fedsv,fedsv,P1,retrain,0.606,-0.038124999999999964,,,80.0,54.0,,False
cifar10,dir1,clean,,2,t2_sign_flirds,flirds,P1,retrain,0.620875,-0.023249999999999993,,,84.0,64.0,,False
cifar10,dir1,clean,,2,t2_sign_flirds1st,flirds1st,P1,retrain,0.644125,0.0,,,,100.0,equals_vanilla,
cifar10,dir1,clean,,2,t2_sign_gtg,gtg,P1,retrain,0.617125,-0.026999999999999913,,,81.0,53.0,,False
cifar10,dir1,clean,,2,t2_sign_lossheur,lossheur,P1,retrain,0.623875,-0.02024999999999999,,,74.0,84.0,,False
cifar10,dir1,clean,,2,t2_sign_shapleyfl,shapleyfl,P1,retrain,0.618125,-0.025999999999999912,,,83.0,56.0,,False
cifar10,dir1,clean,,2,t2_signw_comfedsv,comfedsv,P2,retrain,0.61425,-0.029874999999999985,,,89.0,56.0,,False
cifar10,dir1,clean,,2,t2_signw_fedif,fedif,P2,retrain,0.636125,-0.007999999999999896,,,74.0,100.0,,False
cifar10,dir1,clean,,2,t2_signw_fedsv,fedsv,P2,retrain,0.6115,-0.032624999999999904,,,90.0,54.0,,False
cifar10,dir1,clean,,2,t2_signw_flirds,flirds,P2,retrain,0.6125,-0.0316249999999999,,,84.0,64.0,,False
cifar10,dir1,clean,,2,t2_signw_flirds1st,flirds1st,P2,retrain,0.6335,-0.010624999999999996,,,75.0,100.0,,False
cifar10,dir1,clean,,2,t2_signw_gtg,gtg,P2,retrain,0.601125,-0.04299999999999993,,,83.0,53.0,,False
cifar10,dir1,clean,,2,t2_signw_lossheur,lossheur,P2,retrain,0.616375,-0.02774999999999994,,,79.0,84.0,,False
cifar10,dir1,clean,,2,t2_signw_shapleyfl,shapleyfl,P2,retrain,0.612125,-0.03199999999999992,,,87.0,56.0,,False
cifar10,dir1,clean,,2,vanilla,,,,0.644125,0.0,,,71.0,,,
cifar10,dir1,free_rider,,0,comfedsv_cgate,comfedsv,P5h,online,0.529375,-0.057374999999999954,-1.7063197026022283,0.0,,,,
cifar10,dir1,free_rider,,0,comfedsv_gate_v2,comfedsv,P1,online,0.38775,-0.199,-5.918215613382897,0.0,,,,
cifar10,dir1,free_rider,,0,comfedsv_gatew_v2,comfedsv,P2,online,0.362875,-0.223875,-6.657992565055759,0.0,,,,
cifar10,dir1,free_rider,,0,comfedsv_mult,comfedsv,P3,online,0.565875,-0.020874999999999977,-0.62081784386617,0.001666666666666672,,,,
cifar10,dir1,free_rider,,0,comfedsv_pweight,comfedsv,P5s,online,0.537625,-0.049124999999999974,-1.460966542750928,0.0016666666666666663,,,,
cifar10,dir1,free_rider,,0,comfedsv_zgate_v2,comfedsv,P4,online,0.587125,0.0003750000000000142,0.011152416356877741,0.0058333333333333345,,,,
cifar10,dir1,free_rider,,0,fedif_cgate,fedif,P5h,online,0.61975,0.03300000000000003,0.9814126394052048,0.95,94.0,,,
cifar10,dir1,free_rider,,0,fedif_gate_v2,fedif,P1,online,0.60075,0.014000000000000012,0.41635687732342025,0.9666666666666667,80.0,,,
cifar10,dir1,free_rider,,0,fedif_gatew_v2,fedif,P2,online,0.6195,0.03275000000000006,0.9739776951672875,0.95,88.0,,,
cifar10,dir1,free_rider,,0,fedif_mult,fedif,P3,online,0.62,0.03325,0.9888475836431223,0.9783333333333334,91.0,,,
cifar10,dir1,free_rider,,0,fedif_pweight,fedif,P5s,online,0.619,0.03225,0.9591078066914493,1.0,86.0,,,
cifar10,dir1,free_rider,,0,fedif_zgate_v2,fedif,P4,online,0.59725,0.010499999999999954,0.3122676579925635,0.9666666666666667,,,,
cifar10,dir1,free_rider,,0,fedsv_cgate,fedsv,P5h,online,0.532125,-0.054625000000000035,-1.6245353159851303,0.0,,,,
cifar10,dir1,free_rider,,0,fedsv_gate_v2,fedsv,P1,online,0.387625,-0.199125,-5.9219330855018555,0.0,,,,
cifar10,dir1,free_rider,,0,fedsv_gatew_v2,fedsv,P2,online,0.37075,-0.21599999999999997,-6.423791821561334,0.0,,,,
cifar10,dir1,free_rider,,0,fedsv_mult,fedsv,P3,online,0.561625,-0.025124999999999953,-0.747211895910779,0.004166666666666668,,,,
cifar10,dir1,free_rider,,0,fedsv_pweight,fedsv,P5s,online,0.537625,-0.049124999999999974,-1.460966542750928,0.0012500000000000011,,,,
cifar10,dir1,free_rider,,0,fedsv_zgate_v2,fedsv,P4,online,0.5805,-0.006249999999999978,-0.18587360594795463,0.0037500000000000085,,,,
cifar10,dir1,free_rider,,0,flirds1st_cgate,flirds1st,P5h,online,0.61975,0.03300000000000003,0.9814126394052048,0.9666666666666667,94.0,,,
cifar10,dir1,free_rider,,0,flirds1st_gate_v2,flirds1st,P1,online,0.622125,0.035375000000000045,1.0520446096654283,0.9166666666666666,74.0,,,
cifar10,dir1,free_rider,,0,flirds1st_gatew_v2,flirds1st,P2,online,0.61975,0.03300000000000003,0.9814126394052048,0.9666666666666667,88.0,,,
cifar10,dir1,free_rider,,0,flirds1st_mult,flirds1st,P3,online,0.62425,0.03749999999999998,1.115241635687731,0.9841666666666666,86.0,,,
cifar10,dir1,free_rider,,0,flirds1st_pweight,flirds1st,P5s,online,0.6135,0.02675000000000005,0.7955390334572502,1.0,86.0,,,
cifar10,dir1,free_rider,,0,flirds1st_zgate_v2,flirds1st,P4,online,0.59825,0.011499999999999955,0.3420074349442364,0.9666666666666667,,,,
cifar10,dir1,free_rider,,0,flirds_cgate,flirds,P5h,online,0.61725,0.03049999999999997,0.907063197026021,0.6333333333333333,86.0,,,
cifar10,dir1,free_rider,,0,flirds_gate_v1,flirds,P1v1,online,0.617375,0.030625000000000013,0.9107806691449813,0.9833333333333333,86.0,,,
cifar10,dir1,free_rider,,0,flirds_gate_v2,flirds,P1,online,0.614625,0.027874999999999983,0.8289962825278802,0.7833333333333333,84.0,,,
cifar10,dir1,free_rider,,0,flirds_gatew_v1,,,,0.624375,0.03762500000000002,1.1189591078066914,1.0,86.0,,,
cifar10,dir1,free_rider,,0,flirds_gatew_v2,flirds,P2,online,0.611375,0.024625000000000008,0.7323420074349442,0.7,90.0,,,
cifar10,dir1,free_rider,,0,flirds_mult,flirds,P3,online,0.598,0.011249999999999982,0.334572490706319,0.35708333333333336,,,,
cifar10,dir1,free_rider,,0,flirds_pweight,flirds,P5s,online,0.625375,0.03862500000000002,1.1486988847583643,0.9166666666666666,86.0,,,
cifar10,dir1,free_rider,,0,flirds_zgate_v2,flirds,P4,online,0.58175,-0.0050000000000000044,-0.14869888475836437,0.5166666666666666,,,,
cifar10,dir1,free_rider,,0,gtg_cgate,gtg,P5h,online,0.5435,-0.04325000000000001,-1.286245353159851,0.0008333333333333332,,,,
cifar10,dir1,free_rider,,0,gtg_gate_v2,gtg,P1,online,0.382125,-0.204625,-6.085501858736056,0.0,,,,
cifar10,dir1,free_rider,,0,gtg_gatew_v2,gtg,P2,online,0.3705,-0.21625,-6.431226765799253,0.0,,,,
cifar10,dir1,free_rider,,0,gtg_mult,gtg,P3,online,0.558,-0.028749999999999942,-0.8550185873605927,0.002083333333333337,,,,
cifar10,dir1,free_rider,,0,gtg_pweight,gtg,P5s,online,0.524,-0.06274999999999997,-1.8661710037174704,0.010416666666666676,,,,
cifar10,dir1,free_rider,,0,gtg_zgate_v2,gtg,P4,online,0.590125,0.003375000000000017,0.10037174721189636,0.005416666666666683,,,,
cifar10,dir1,free_rider,,0,lossheur_cgate,lossheur,P5h,online,0.61225,0.025499999999999967,0.7583643122676567,0.8166666666666667,93.0,,,
cifar10,dir1,free_rider,,0,lossheur_gate_v2,lossheur,P1,online,0.619625,0.03287499999999999,0.9776951672862445,0.8666666666666667,78.0,,,
cifar10,dir1,free_rider,,0,lossheur_gatew_v2,lossheur,P2,online,0.61525,0.02849999999999997,0.8475836431226753,0.8333333333333334,78.0,,,
cifar10,dir1,free_rider,,0,lossheur_mult,lossheur,P3,online,0.610875,0.024124999999999952,0.717472118959106,0.7025,109.0,,,
cifar10,dir1,free_rider,,0,lossheur_pweight,lossheur,P5s,online,0.62075,0.03400000000000003,1.0111524163568777,0.9666666666666667,86.0,,,
cifar10,dir1,free_rider,,0,lossheur_zgate_v2,lossheur,P4,online,0.58275,-0.0040000000000000036,-0.1189591078066915,0.6333333333333333,,,,
cifar10,dir1,free_rider,,0,observer,,,,0.586125,-0.0006249999999999867,-0.018587360594795134,,,,,
cifar10,dir1,free_rider,,0,oracle_excl,,,,0.620375,0.033625000000000016,1.0,,75.0,,,
cifar10,dir1,free_rider,,0,random_excl,,,,0.593,0.006249999999999978,0.18587360594795463,,,,,
cifar10,dir1,free_rider,,0,shapleyfl_cgate,shapleyfl,P5h,online,0.5165,-0.07025000000000003,-2.0892193308550184,0.0,,,,
cifar10,dir1,free_rider,,0,shapleyfl_gate_v2,shapleyfl,P1,online,0.42325,-0.16349999999999998,-4.8624535315985105,0.0,,,,
cifar10,dir1,free_rider,,0,shapleyfl_gatew_v2,shapleyfl,P2,online,0.356,-0.23075,-6.8624535315985105,0.0,,,,
cifar10,dir1,free_rider,,0,shapleyfl_mult,shapleyfl,P3,online,0.561875,-0.02487499999999998,-0.7397769516728615,0.0,,,,
cifar10,dir1,free_rider,,0,shapleyfl_pweight,shapleyfl,P5s,online,0.5295,-0.05725000000000002,-1.7026022304832713,0.0,,,,
cifar10,dir1,free_rider,,0,shapleyfl_zgate_v2,shapleyfl,P4,online,0.588625,0.00187499999999996,0.0557620817843854,0.00208333333333334,,,,
cifar10,dir1,free_rider,,0,t2_csign_comfedsv,comfedsv,P5h,retrain,0.54675,-0.040000000000000036,-1.189591078066915,,,68.0,,False
cifar10,dir1,free_rider,,0,t2_csign_fedif,fedif,P5h,retrain,0.620125,0.033375000000000044,0.9925650557620826,,75.0,60.0,,True
cifar10,dir1,free_rider,,0,t2_csign_fedsv,fedsv,P5h,retrain,0.560625,-0.026124999999999954,-0.7769516728624518,,,69.0,,False
cifar10,dir1,free_rider,,0,t2_csign_flirds,flirds,P5h,retrain,0.622375,0.03562500000000002,1.0594795539033457,,77.0,54.0,,False
cifar10,dir1,free_rider,,0,t2_csign_flirds1st,flirds1st,P5h,retrain,0.620125,0.033375000000000044,0.9925650557620826,,75.0,60.0,,False
cifar10,dir1,free_rider,,0,t2_csign_gtg,gtg,P5h,retrain,0.556125,-0.030625000000000013,-0.9107806691449813,,,65.0,,False
cifar10,dir1,free_rider,,0,t2_csign_lossheur,lossheur,P5h,retrain,0.622,0.035250000000000004,1.048327137546468,,76.0,58.0,,False
cifar10,dir1,free_rider,,0,t2_csign_shapleyfl,shapleyfl,P5h,retrain,0.531125,-0.055625000000000036,-1.6542750929368033,,,64.0,,False
cifar10,dir1,free_rider,,0,t2_pw_comfedsv,comfedsv,P5s,retrain,0.52225,-0.0645,-1.9182156133828987,,,99.0,,False
cifar10,dir1,free_rider,,0,t2_pw_fedif,fedif,P5s,retrain,0.620125,0.033375000000000044,0.9925650557620826,,70.0,60.0,,False
cifar10,dir1,free_rider,,0,t2_pw_fedsv,fedsv,P5s,retrain,0.517875,-0.06887500000000002,-2.048327137546468,,,100.0,,False
cifar10,dir1,free_rider,,0,t2_pw_flirds,flirds,P5s,retrain,0.60875,0.02200000000000002,0.6542750929368032,,80.0,60.0,,False
cifar10,dir1,free_rider,,0,t2_pw_flirds1st,flirds1st,P5s,retrain,0.62025,0.033499999999999974,0.9962825278810397,,75.0,60.0,,False
cifar10,dir1,free_rider,,0,t2_pw_gtg,gtg,P5s,retrain,0.5135,-0.07325000000000004,-2.1784386617100373,,,100.0,,False
cifar10,dir1,free_rider,,0,t2_pw_lossheur,lossheur,P5s,retrain,0.616875,0.030124999999999957,0.8959107806691433,,76.0,60.0,,False
cifar10,dir1,free_rider,,0,t2_pw_shapleyfl,shapleyfl,P5s,retrain,0.499,-0.08775,-2.609665427509292,,,95.0,,False
cifar10,dir1,free_rider,,0,t2_random_k41,,,,0.565125,-0.021625000000000005,-0.6431226765799255,,,41.0,,False
cifar10,dir1,free_rider,,0,t2_random_k49,,,,0.56575,-0.02100000000000002,-0.6245353159851303,,,49.0,,False
cifar10,dir1,free_rider,,0,t2_random_k54,,,,0.57025,-0.01649999999999996,-0.49070631970260076,,,54.0,,False
cifar10,dir1,free_rider,,0,t2_random_k56,,,,0.579,-0.007750000000000035,-0.2304832713754656,,,56.0,,False
cifar10,dir1,free_rider,,0,t2_random_k57,,,,0.591125,0.004375000000000018,0.13011152416356925,,,57.0,,False
cifar10,dir1,free_rider,,0,t2_random_k58,,,,0.594,0.007249999999999979,0.2156133828996275,,,58.0,,False
cifar10,dir1,free_rider,,0,t2_random_k59,,,,0.56475,-0.02200000000000002,-0.6542750929368032,,,59.0,,False
cifar10,dir1,free_rider,,0,t2_random_k60,,,,0.584125,-0.0026249999999999885,-0.07806691449814088,,,60.0,,False
cifar10,dir1,free_rider,,0,t2_random_k64,,,,0.557875,-0.028874999999999984,-0.858736059479553,,,64.0,,False
cifar10,dir1,free_rider,,0,t2_random_k65,,,,0.567125,-0.019625000000000004,-0.5836431226765798,,,65.0,,False
cifar10,dir1,free_rider,,0,t2_random_k68,,,,0.591625,0.004874999999999963,0.14498141263940403,,,68.0,,False
cifar10,dir1,free_rider,,0,t2_random_k69,,,,0.576375,-0.010375000000000023,-0.3085501858736065,,,69.0,,False
cifar10,dir1,free_rider,,0,t2_sign_comfedsv,comfedsv,P1,retrain,0.526625,-0.060124999999999984,-1.7881040892193296,,,57.0,,False
cifar10,dir1,free_rider,,0,t2_sign_fedif,fedif,P1,retrain,0.624625,0.03787499999999999,1.126394052044609,,75.0,59.0,,True
cifar10,dir1,free_rider,,0,t2_sign_fedsv,fedsv,P1,retrain,0.516,-0.07074999999999998,-2.1040892193308536,,,56.0,,False
cifar10,dir1,free_rider,,0,t2_sign_flirds,flirds,P1,retrain,0.599875,0.013125000000000053,0.39033457249070774,,83.0,41.0,,False
cifar10,dir1,free_rider,,0,t2_sign_flirds1st,flirds1st,P1,retrain,0.624625,0.03787499999999999,1.126394052044609,,75.0,59.0,,False
cifar10,dir1,free_rider,,0,t2_sign_gtg,gtg,P1,retrain,0.510375,-0.07637499999999997,-2.271375464684013,,,57.0,,False
cifar10,dir1,free_rider,,0,t2_sign_lossheur,lossheur,P1,retrain,0.606125,0.01937500000000003,0.5762081784386623,,80.0,49.0,,False
cifar10,dir1,free_rider,,0,t2_sign_shapleyfl,shapleyfl,P1,retrain,0.492625,-0.09412500000000001,-2.7992565055762073,,,54.0,,False
cifar10,dir1,free_rider,,0,t2_signw_comfedsv,comfedsv,P2,retrain,0.4135,-0.17325000000000002,-5.152416356877321,,,57.0,,False
cifar10,dir1,free_rider,,0,t2_signw_fedif,fedif,P2,retrain,0.609,0.022249999999999992,0.6617100371747207,,84.0,59.0,,False
cifar10,dir1,free_rider,,0,t2_signw_fedsv,fedsv,P2,retrain,0.388625,-0.198125,-5.8921933085501825,,,56.0,,False
cifar10,dir1,free_rider,,0,t2_signw_flirds,flirds,P2,retrain,0.57275,-0.014000000000000012,-0.41635687732342025,,119.0,41.0,,False
cifar10,dir1,free_rider,,0,t2_signw_flirds1st,flirds1st,P2,retrain,0.60825,0.021499999999999964,0.6394052044609652,,79.0,59.0,,False
cifar10,dir1,free_rider,,0,t2_signw_gtg,gtg,P2,retrain,0.40925,-0.1775,-5.27881040892193,,,57.0,,False
cifar10,dir1,free_rider,,0,t2_signw_lossheur,lossheur,P2,retrain,0.580875,-0.005874999999999964,-0.1747211895910769,,93.0,49.0,,False
cifar10,dir1,free_rider,,0,t2_signw_shapleyfl,shapleyfl,P2,retrain,0.395375,-0.19137500000000002,-5.691449814126392,,,54.0,,False
cifar10,dir1,free_rider,,0,vanilla,,,,0.58675,0.0,0.0,,,,,
cifar10,dir1,free_rider,,1,comfedsv_cgate,comfedsv,P5h,online,0.544125,-0.047125000000000083,-1.7952380952380986,0.0,,,,
cifar10,dir1,free_rider,,1,comfedsv_gate_v2,comfedsv,P1,online,0.403625,-0.18762500000000004,-7.147619047619051,0.0,,,,
cifar10,dir1,free_rider,,1,comfedsv_gatew_v2,comfedsv,P2,online,0.39775,-0.19350000000000006,-7.3714285714285745,0.0,,,,
cifar10,dir1,free_rider,,1,comfedsv_mult,comfedsv,P3,online,0.57875,-0.012500000000000067,-0.47619047619047883,0.0029166666666666672,,,,
cifar10,dir1,free_rider,,1,comfedsv_pweight,comfedsv,P5s,online,0.5505,-0.040750000000000064,-1.552380952380955,0.004583333333333333,,,,
cifar10,dir1,free_rider,,1,comfedsv_zgate_v2,comfedsv,P4,online,0.58025,-0.01100000000000001,-0.4190476190476195,0.018333333333333337,,,,
cifar10,dir1,free_rider,,1,fedif_cgate,fedif,P5h,online,0.621625,0.03037499999999993,1.1571428571428546,0.9666666666666667,90.0,,,
cifar10,dir1,free_rider,,1,fedif_gate_v2,fedif,P1,online,0.62075,0.02949999999999997,1.123809523809523,0.9833333333333333,75.0,,,
cifar10,dir1,free_rider,,1,fedif_gatew_v2,fedif,P2,online,0.620625,0.02937499999999993,1.1190476190476166,0.9666666666666667,84.0,,,
cifar10,dir1,free_rider,,1,fedif_mult,fedif,P3,online,0.61525,0.02399999999999991,0.914285714285711,0.9916666666666666,100.0,,,
cifar10,dir1,free_rider,,1,fedif_pweight,fedif,P5s,online,0.615875,0.024624999999999897,0.9380952380952343,1.0,91.0,,,
cifar10,dir1,free_rider,,1,fedif_zgate_v2,fedif,P4,online,0.5985,0.007249999999999979,0.27619047619047543,0.9833333333333333,,,,
cifar10,dir1,free_rider,,1,fedsv_cgate,fedsv,P5h,online,0.521375,-0.06987500000000002,-2.661904761904763,0.0,,,,
cifar10,dir1,free_rider,,1,fedsv_gate_v2,fedsv,P1,online,0.40925,-0.18200000000000005,-6.933333333333336,0.0,,,,
cifar10,dir1,free_rider,,1,fedsv_gatew_v2,fedsv,P2,online,0.391875,-0.19937500000000008,-7.595238095238099,0.0,,,,
cifar10,dir1,free_rider,,1,fedsv_mult,fedsv,P3,online,0.575125,-0.016125000000000056,-0.6142857142857165,0.009166666666666677,,,,
cifar10,dir1,free_rider,,1,fedsv_pweight,fedsv,P5s,online,0.54675,-0.044500000000000095,-1.6952380952380992,0.008750000000000006,,,,
cifar10,dir1,free_rider,,1,fedsv_zgate_v2,fedsv,P4,online,0.576125,-0.015125000000000055,-0.5761904761904784,0.009583333333333343,,,,
cifar10,dir1,free_rider,,1,flirds1st_cgate,flirds1st,P5h,online,0.621625,0.03037499999999993,1.1571428571428546,0.9666666666666667,90.0,,,
cifar10,dir1,free_rider,,1,flirds1st_gate_v2,flirds1st,P1,online,0.625125,0.03387499999999999,1.2904761904761903,0.9833333333333333,75.0,,,
cifar10,dir1,free_rider,,1,flirds1st_gatew_v2,flirds1st,P2,online,0.617375,0.026124999999999954,0.9952380952380937,0.9833333333333333,84.0,,,
cifar10,dir1,free_rider,,1,flirds1st_mult,flirds1st,P3,online,0.61025,0.018999999999999906,0.7238095238095203,0.9866666666666667,111.0,,,
cifar10,dir1,free_rider,,1,flirds1st_pweight,flirds1st,P5s,online,0.616125,0.02487499999999998,0.947619047619047,1.0,91.0,,,
cifar10,dir1,free_rider,,1,flirds1st_zgate_v2,flirds1st,P4,online,0.595875,0.00462499999999999,0.17619047619047584,0.9666666666666667,,,,
cifar10,dir1,free_rider,,1,flirds_cgate,flirds,P5h,online,0.61025,0.018999999999999906,0.7238095238095203,0.5833333333333333,93.0,,,
cifar10,dir1,free_rider,,1,flirds_gate_v1,flirds,P1v1,online,0.613125,0.021874999999999978,0.8333333333333326,0.9666666666666667,91.0,,,
cifar10,dir1,free_rider,,1,flirds_gate_v2,flirds,P1,online,0.615,0.023749999999999938,0.9047619047619025,0.6666666666666667,89.0,,,
cifar10,dir1,free_rider,,1,flirds_gatew_v1,,,,0.6145,0.023249999999999993,0.8857142857142856,0.9666666666666667,88.0,,,
cifar10,dir1,free_rider,,1,flirds_gatew_v2,flirds,P2,online,0.614625,0.023374999999999924,0.8904761904761878,0.6833333333333333,76.0,,,
cifar10,dir1,free_rider,,1,flirds_mult,flirds,P3,online,0.599375,0.008124999999999938,0.3095238095238072,0.43125,,,,
cifar10,dir1,free_rider,,1,flirds_pweight,flirds,P5s,online,0.613,0.021749999999999936,0.8285714285714263,0.9333333333333333,91.0,,,
cifar10,dir1,free_rider,,1,flirds_zgate_v2,flirds,P4,online,0.58275,-0.008500000000000063,-0.32380952380952627,0.6166666666666667,,,,
cifar10,dir1,free_rider,,1,gtg_cgate,gtg,P5h,online,0.539625,-0.05162500000000003,-1.9666666666666681,0.015833333333333383,,,,
cifar10,dir1,free_rider,,1,gtg_gate_v2,gtg,P1,online,0.396375,-0.19487500000000008,-7.423809523809528,0.0,,,,
cifar10,dir1,free_rider,,1,gtg_gatew_v2,gtg,P2,online,0.414625,-0.17662500000000003,-6.728571428571431,0.0,,,,
cifar10,dir1,free_rider,,1,gtg_mult,gtg,P3,online,0.569125,-0.02212500000000006,-0.8428571428571453,0.000833333333333336,,,,
cifar10,dir1,free_rider,,1,gtg_pweight,gtg,P5s,online,0.536,-0.05525000000000002,-2.1047619047619057,0.026666666666666682,,,,
cifar10,dir1,free_rider,,1,gtg_zgate_v2,gtg,P4,online,0.581875,-0.009375000000000022,-0.35714285714285804,0.025833333333333337,,,,
cifar10,dir1,free_rider,,1,lossheur_cgate,lossheur,P5h,online,0.612625,0.021374999999999922,0.8142857142857114,0.8,93.0,,,
cifar10,dir1,free_rider,,1,lossheur_gate_v2,lossheur,P1,online,0.617,0.02574999999999994,0.9809523809523788,0.85,78.0,,,
cifar10,dir1,free_rider,,1,lossheur_gatew_v2,lossheur,P2,online,0.614,0.022749999999999937,0.8666666666666644,0.8333333333333334,79.0,,,
cifar10,dir1,free_rider,,1,lossheur_mult,lossheur,P3,online,0.604125,0.01287499999999997,0.4904761904761894,0.7833333333333334,115.0,,,
cifar10,dir1,free_rider,,1,lossheur_pweight,lossheur,P5s,online,0.616625,0.025374999999999925,0.966666666666664,0.9666666666666667,91.0,,,
cifar10,dir1,free_rider,,1,lossheur_zgate_v2,lossheur,P4,online,0.57475,-0.01650000000000007,-0.6285714285714313,0.7333333333333334,,,,
cifar10,dir1,free_rider,,1,observer,,,,0.590125,-0.0011250000000000426,-0.04285714285714449,,,,,
cifar10,dir1,free_rider,,1,oracle_excl,,,,0.6175,0.026249999999999996,1.0,,79.0,,,
cifar10,dir1,free_rider,,1,random_excl,,,,0.597875,0.006624999999999992,0.2523809523809521,,,,,
cifar10,dir1,free_rider,,1,shapleyfl_cgate,shapleyfl,P5h,online,0.51975,-0.07150000000000001,-2.723809523809525,0.0,,,,
cifar10,dir1,free_rider,,1,shapleyfl_gate_v2,shapleyfl,P1,online,0.40225,-0.18900000000000006,-7.200000000000004,0.0,,,,
cifar10,dir1,free_rider,,1,shapleyfl_gatew_v2,shapleyfl,P2,online,0.3815,-0.20975000000000005,-7.990476190476194,0.0,,,,
cifar10,dir1,free_rider,,1,shapleyfl_mult,shapleyfl,P3,online,0.570125,-0.02112500000000006,-0.8047619047619072,0.0,,,,
cifar10,dir1,free_rider,,1,shapleyfl_pweight,shapleyfl,P5s,online,0.53525,-0.05600000000000005,-2.1333333333333355,0.005416666666666667,,,,
cifar10,dir1,free_rider,,1,shapleyfl_zgate_v2,shapleyfl,P4,online,0.580625,-0.010625000000000107,-0.4047619047619089,0.002083333333333337,,,,
cifar10,dir1,free_rider,,1,t2_csign_comfedsv,comfedsv,P5h,retrain,0.560625,-0.030625000000000013,-1.1666666666666674,,,76.0,,False
cifar10,dir1,free_rider,,1,t2_csign_fedif,fedif,P5h,retrain,0.616375,0.025124999999999953,0.9571428571428555,,79.0,60.0,,True
cifar10,dir1,free_rider,,1,t2_csign_fedsv,fedsv,P5h,retrain,0.566125,-0.025125000000000064,-0.9571428571428597,,,73.0,,False
cifar10,dir1,free_rider,,1,t2_csign_flirds,flirds,P5h,retrain,0.623625,0.03237499999999993,1.233333333333331,,80.0,52.0,,False
cifar10,dir1,free_rider,,1,t2_csign_flirds1st,flirds1st,P5h,retrain,0.616375,0.025124999999999953,0.9571428571428555,,79.0,60.0,,False
cifar10,dir1,free_rider,,1,t2_csign_gtg,gtg,P5h,retrain,0.55975,-0.031500000000000083,-1.2000000000000033,,,69.0,,False
cifar10,dir1,free_rider,,1,t2_csign_lossheur,lossheur,P5h,retrain,0.618,0.02674999999999994,1.019047619047617,,80.0,56.0,,False
cifar10,dir1,free_rider,,1,t2_csign_shapleyfl,shapleyfl,P5h,retrain,0.558125,-0.03312500000000007,-1.2619047619047647,,,69.0,,False
cifar10,dir1,free_rider,,1,t2_pw_comfedsv,comfedsv,P5s,retrain,0.547125,-0.04412500000000008,-1.6809523809523843,,,100.0,,False
cifar10,dir1,free_rider,,1,t2_pw_fedif,fedif,P5s,retrain,0.6185,0.027249999999999996,1.0380952380952382,,80.0,60.0,,False
cifar10,dir1,free_rider,,1,t2_pw_fedsv,fedsv,P5s,retrain,0.5375,-0.053750000000000075,-2.047619047619051,,,100.0,,False
cifar10,dir1,free_rider,,1,t2_pw_flirds,flirds,P5s,retrain,0.615625,0.024374999999999925,0.9285714285714258,,81.0,60.0,,False
cifar10,dir1,free_rider,,1,t2_pw_flirds1st,flirds1st,P5s,retrain,0.61775,0.026499999999999968,1.0095238095238084,,79.0,60.0,,False
cifar10,dir1,free_rider,,1,t2_pw_gtg,gtg,P5s,retrain,0.528875,-0.06237500000000007,-2.3761904761904793,,,100.0,,False
cifar10,dir1,free_rider,,1,t2_pw_lossheur,lossheur,P5s,retrain,0.615125,0.02387499999999998,0.9095238095238088,,80.0,60.0,,False
cifar10,dir1,free_rider,,1,t2_pw_shapleyfl,shapleyfl,P5s,retrain,0.51525,-0.07600000000000007,-2.8952380952380983,,,99.0,,False
cifar10,dir1,free_rider,,1,t2_random_k42,,,,0.5575,-0.03375000000000006,-1.285714285714288,,,42.0,,False
cifar10,dir1,free_rider,,1,t2_random_k48,,,,0.58875,-0.0025000000000000577,-0.09523809523809745,,,48.0,,False
cifar10,dir1,free_rider,,1,t2_random_k52,,,,0.574875,-0.01637500000000003,-0.623809523809525,,,52.0,,False
cifar10,dir1,free_rider,,1,t2_random_k55,,,,0.562125,-0.029125000000000068,-1.1095238095238122,,,55.0,,False
cifar10,dir1,free_rider,,1,t2_random_k56,,,,0.58375,-0.007500000000000062,-0.28571428571428814,,,56.0,,False
cifar10,dir1,free_rider,,1,t2_random_k57,,,,0.582625,-0.008625000000000105,-0.3285714285714326,,,57.0,,False
cifar10,dir1,free_rider,,1,t2_random_k60,,,,0.560375,-0.030875000000000097,-1.17619047619048,,,60.0,,False
cifar10,dir1,free_rider,,1,t2_random_k69,,,,0.59025,-0.0010000000000000009,-0.03809523809523813,,,69.0,,False
cifar10,dir1,free_rider,,1,t2_random_k73,,,,0.562625,-0.02862500000000001,-1.090476190476191,,,73.0,,False
cifar10,dir1,free_rider,,1,t2_random_k76,,,,0.594125,0.002874999999999961,0.10952380952380805,,,76.0,,False
cifar10,dir1,free_rider,,1,t2_sign_comfedsv,comfedsv,P1,retrain,0.53075,-0.0605,-2.304761904761905,,,57.0,,False
cifar10,dir1,free_rider,,1,t2_sign_fedif,fedif,P1,retrain,0.62775,0.03649999999999998,1.3904761904761898,,71.0,57.0,,True
cifar10,dir1,free_rider,,1,t2_sign_fedsv,fedsv,P1,retrain,0.520875,-0.07037500000000008,-2.6809523809523843,,,57.0,,False
cifar10,dir1,free_rider,,1,t2_sign_flirds,flirds,P1,retrain,0.614125,0.02287499999999998,0.8714285714285708,,80.0,42.0,,False
cifar10,dir1,free_rider,,1,t2_sign_flirds1st,flirds1st,P1,retrain,0.62775,0.03649999999999998,1.3904761904761898,,71.0,57.0,,False
cifar10,dir1,free_rider,,1,t2_sign_gtg,gtg,P1,retrain,0.51825,-0.07300000000000006,-2.780952380952384,,,57.0,,False
cifar10,dir1,free_rider,,1,t2_sign_lossheur,lossheur,P1,retrain,0.617125,0.02587499999999998,0.9857142857142852,,77.0,48.0,,False
cifar10,dir1,free_rider,,1,t2_sign_shapleyfl,shapleyfl,P1,retrain,0.523375,-0.06787500000000002,-2.5857142857142867,,,55.0,,False
cifar10,dir1,free_rider,,1,t2_signw_comfedsv,comfedsv,P2,retrain,0.459125,-0.13212500000000005,-5.033333333333336,,,57.0,,False
cifar10,dir1,free_rider,,1,t2_signw_fedif,fedif,P2,retrain,0.619875,0.0286249999999999,1.0904761904761868,,82.0,57.0,,False
cifar10,dir1,free_rider,,1,t2_signw_fedsv,fedsv,P2,retrain,0.433,-0.15825000000000006,-6.028571428571432,,,57.0,,False
cifar10,dir1,free_rider,,1,t2_signw_flirds,flirds,P2,retrain,0.587125,-0.004125000000000045,-0.1571428571428589,,95.0,42.0,,False
cifar10,dir1,free_rider,,1,t2_signw_flirds1st,flirds1st,P2,retrain,0.62025,0.028999999999999915,1.1047619047619017,,75.0,57.0,,False
cifar10,dir1,free_rider,,1,t2_signw_gtg,gtg,P2,retrain,0.475125,-0.11612500000000003,-4.423809523809526,,,57.0,,False
cifar10,dir1,free_rider,,1,t2_signw_lossheur,lossheur,P2,retrain,0.603625,0.012374999999999914,0.4714285714285682,,82.0,48.0,,False
cifar10,dir1,free_rider,,1,t2_signw_shapleyfl,shapleyfl,P2,retrain,0.41525,-0.17600000000000005,-6.704761904761908,,,55.0,,False
cifar10,dir1,free_rider,,1,vanilla,,,,0.59125,0.0,0.0,,,,,
cifar10,dir1,free_rider,,2,comfedsv_cgate,comfedsv,P5h,online,0.5465,-0.03925000000000001,-1.0501672240802664,0.0,,,,
cifar10,dir1,free_rider,,2,comfedsv_gate_v2,comfedsv,P1,online,0.384,-0.20174999999999998,-5.397993311036782,0.0,,,,
cifar10,dir1,free_rider,,2,comfedsv_gatew_v2,comfedsv,P2,online,0.37675,-0.20900000000000002,-5.591973244147151,0.0,,,,
cifar10,dir1,free_rider,,2,comfedsv_mult,comfedsv,P3,online,0.5705,-0.015249999999999986,-0.4080267558528419,0.00958333333333335,,,,
cifar10,dir1,free_rider,,2,comfedsv_pweight,comfedsv,P5s,online,0.530875,-0.05487500000000001,-1.4682274247491622,0.0016666666666666692,,,,
cifar10,dir1,free_rider,,2,comfedsv_zgate_v2,comfedsv,P4,online,0.578125,-0.007624999999999993,-0.20401337792642096,0.012083333333333352,,,,
cifar10,dir1,free_rider,,2,fedif_cgate,fedif,P5h,online,0.617125,0.03137500000000004,0.8394648829431439,1.0,93.0,,,
cifar10,dir1,free_rider,,2,fedif_gate_v2,fedif,P1,online,0.621375,0.03562500000000002,0.9531772575250829,0.9333333333333333,80.0,,,
cifar10,dir1,free_rider,,2,fedif_gatew_v2,fedif,P2,online,0.61325,0.02749999999999997,0.7357859531772558,1.0,87.0,,,
cifar10,dir1,free_rider,,2,fedif_mult,fedif,P3,online,0.6155,0.029750000000000054,0.7959866220735791,0.995,101.0,,,
cifar10,dir1,free_rider,,2,fedif_pweight,fedif,P5s,online,0.601125,0.015375000000000028,0.4113712374581942,1.0,87.0,,,
cifar10,dir1,free_rider,,2,fedif_zgate_v2,fedif,P4,online,0.587625,0.00187499999999996,0.05016722408026643,1.0,,,,
cifar10,dir1,free_rider,,2,fedsv_cgate,fedsv,P5h,online,0.539625,-0.04612499999999997,-1.2341137123745796,0.0,,,,
cifar10,dir1,free_rider,,2,fedsv_gate_v2,fedsv,P1,online,0.392875,-0.19287500000000002,-5.16053511705685,0.0,,,,
cifar10,dir1,free_rider,,2,fedsv_gatew_v2,fedsv,P2,online,0.368875,-0.21687499999999998,-5.802675585284273,0.0,,,,
cifar10,dir1,free_rider,,2,fedsv_mult,fedsv,P3,online,0.56925,-0.01649999999999996,-0.4414715719063529,0.006250000000000017,,,,
cifar10,dir1,free_rider,,2,fedsv_pweight,fedsv,P5s,online,0.53175,-0.05400000000000005,-1.4448160535117052,0.0029166666666666703,,,,
cifar10,dir1,free_rider,,2,fedsv_zgate_v2,fedsv,P4,online,0.573625,-0.012124999999999941,-0.32441471571906155,0.006250000000000011,,,,
cifar10,dir1,free_rider,,2,flirds1st_cgate,flirds1st,P5h,online,0.617125,0.03137500000000004,0.8394648829431439,1.0,93.0,,,
cifar10,dir1,free_rider,,2,flirds1st_gate_v2,flirds1st,P1,online,0.6175,0.031750000000000056,0.8494983277591978,1.0,81.0,,,
cifar10,dir1,free_rider,,2,flirds1st_gatew_v2,flirds1st,P2,online,0.614625,0.028874999999999984,0.772575250836119,1.0,88.0,,,
cifar10,dir1,free_rider,,2,flirds1st_mult,flirds1st,P3,online,0.612375,0.02662500000000001,0.7123745819397987,0.99625,87.0,,,
cifar10,dir1,free_rider,,2,flirds1st_pweight,flirds1st,P5s,online,0.600375,0.014624999999999999,0.3913043478260864,1.0,87.0,,,
cifar10,dir1,free_rider,,2,flirds1st_zgate_v2,flirds1st,P4,online,0.585125,-0.0006249999999999867,-0.016722408026755474,1.0,,,,
cifar10,dir1,free_rider,,2,flirds_cgate,flirds,P5h,online,0.5935,0.007750000000000035,0.20735785953177324,0.6,93.0,,,
cifar10,dir1,free_rider,,2,flirds_gate_v1,flirds,P1v1,online,0.60125,0.015499999999999958,0.4147157190635435,1.0,95.0,,,
cifar10,dir1,free_rider,,2,flirds_gate_v2,flirds,P1,online,0.614875,0.029124999999999956,0.7792642140468206,0.6666666666666667,84.0,,,
cifar10,dir1,free_rider,,2,flirds_gatew_v1,,,,0.595,0.00924999999999998,0.2474916387959858,1.0,87.0,,,
cifar10,dir1,free_rider,,2,flirds_gatew_v2,flirds,P2,online,0.590875,0.005125000000000046,0.13712374581939907,0.7166666666666667,90.0,,,
cifar10,dir1,free_rider,,2,flirds_mult,flirds,P3,online,0.59625,0.010499999999999954,0.28093645484949675,0.40249999999999997,112.0,,,
cifar10,dir1,free_rider,,2,flirds_pweight,flirds,P5s,online,0.601125,0.015375000000000028,0.4113712374581942,0.9666666666666667,101.0,,,
cifar10,dir1,free_rider,,2,flirds_zgate_v2,flirds,P4,online,0.5875,0.0017500000000000293,0.04682274247491711,0.5166666666666666,,,,
cifar10,dir1,free_rider,,2,gtg_cgate,gtg,P5h,online,0.552,-0.03374999999999995,-0.9030100334448135,0.000416666666666668,,,,
cifar10,dir1,free_rider,,2,gtg_gate_v2,gtg,P1,online,0.395875,-0.18987500000000002,-5.080267558528422,0.0,,,,
cifar10,dir1,free_rider,,2,gtg_gatew_v2,gtg,P2,online,0.408375,-0.177375,-4.745819397993305,0.000416666666666668,,,,
cifar10,dir1,free_rider,,2,gtg_mult,gtg,P3,online,0.56075,-0.025000000000000022,-0.6688963210702339,0.0,,,,
cifar10,dir1,free_rider,,2,gtg_pweight,gtg,P5s,online,0.534375,-0.05137499999999995,-1.374581939799328,0.020000000000000014,,,,
cifar10,dir1,free_rider,,2,gtg_zgate_v2,gtg,P4,online,0.574875,-0.010874999999999968,-0.2909698996655506,0.016666666666666687,,,,
cifar10,dir1,free_rider,,2,lossheur_cgate,lossheur,P5h,online,0.616625,0.030874999999999986,0.8260869565217377,0.8833333333333333,101.0,,,
cifar10,dir1,free_rider,,2,lossheur_gate_v2,lossheur,P1,online,0.5975,0.011750000000000038,0.31438127090301066,0.85,96.0,,,
cifar10,dir1,free_rider,,2,lossheur_gatew_v2,lossheur,P2,online,0.6135,0.027750000000000052,0.7424749163879604,0.9,90.0,,,
cifar10,dir1,free_rider,,2,lossheur_mult,lossheur,P3,online,0.603625,0.017874999999999974,0.4782608695652161,0.6708333333333334,112.0,,,
cifar10,dir1,free_rider,,2,lossheur_pweight,lossheur,P5s,online,0.600875,0.015125000000000055,0.4046822742474926,1.0,101.0,,,
cifar10,dir1,free_rider,,2,lossheur_zgate_v2,lossheur,P4,online,0.587375,0.0016249999999999876,0.04347826086956483,0.65,,,,
cifar10,dir1,free_rider,,2,observer,,,,0.585,-0.0007500000000000284,-0.02006688963210776,,,,,
cifar10,dir1,free_rider,,2,oracle_excl,,,,0.623125,0.03737500000000005,1.0,,81.0,,,
cifar10,dir1,free_rider,,2,random_excl,,,,0.560625,-0.025124999999999953,-0.6722408026755832,,,,,
cifar10,dir1,free_rider,,2,shapleyfl_cgate,shapleyfl,P5h,online,0.513,-0.07274999999999998,-1.9464882943143784,0.0,,,,
cifar10,dir1,free_rider,,2,shapleyfl_gate_v2,shapleyfl,P1,online,0.3805,-0.20525,-5.491638795986614,0.0,,,,
cifar10,dir1,free_rider,,2,shapleyfl_gatew_v2,shapleyfl,P2,online,0.3595,-0.22625,-6.053511705685612,0.0,,,,
cifar10,dir1,free_rider,,2,shapleyfl_mult,shapleyfl,P3,online,0.561625,-0.024124999999999952,-0.6454849498327738,0.0,,,,
cifar10,dir1,free_rider,,2,shapleyfl_pweight,shapleyfl,P5s,online,0.520625,-0.06512499999999999,-1.7424749163879574,0.007916666666666669,,,,
cifar10,dir1,free_rider,,2,shapleyfl_zgate_v2,shapleyfl,P4,online,0.582375,-0.003375000000000017,-0.09030100334448195,0.0,,,,
cifar10,dir1,free_rider,,2,t2_csign_comfedsv,comfedsv,P5h,retrain,0.558875,-0.026874999999999982,-0.7190635451505003,,,71.0,,False
cifar10,dir1,free_rider,,2,t2_csign_fedif,fedif,P5h,retrain,0.621875,0.03612499999999996,0.9665551839464861,,81.0,60.0,,True
cifar10,dir1,free_rider,,2,t2_csign_fedsv,fedsv,P5h,retrain,0.54975,-0.03600000000000003,-0.9632107023411368,,,69.0,,False
cifar10,dir1,free_rider,,2,t2_csign_flirds,flirds,P5h,retrain,0.613,0.027249999999999996,0.7290969899665541,,78.0,57.0,,False
cifar10,dir1,free_rider,,2,t2_csign_flirds1st,flirds1st,P5h,retrain,0.621875,0.03612499999999996,0.9665551839464861,,81.0,60.0,,False
cifar10,dir1,free_rider,,2,t2_csign_gtg,gtg,P5h,retrain,0.53,-0.055749999999999966,-1.4916387959866193,,,66.0,,False
cifar10,dir1,free_rider,,2,t2_csign_lossheur,lossheur,P5h,retrain,0.623125,0.03737500000000005,1.0,,80.0,59.0,,False
cifar10,dir1,free_rider,,2,t2_csign_shapleyfl,shapleyfl,P5h,retrain,0.53575,-0.050000000000000044,-1.3377926421404678,,,64.0,,False
cifar10,dir1,free_rider,,2,t2_pw_comfedsv,comfedsv,P5s,retrain,0.506375,-0.07937499999999997,-2.12374581939799,,,100.0,,False
cifar10,dir1,free_rider,,2,t2_pw_fedif,fedif,P5s,retrain,0.622625,0.03687499999999999,0.9866220735785939,,80.0,60.0,,False
cifar10,dir1,free_rider,,2,t2_pw_fedsv,fedsv,P5s,retrain,0.5075,-0.07825000000000004,-2.0936454849498314,,,100.0,,False
cifar10,dir1,free_rider,,2,t2_pw_flirds,flirds,P5s,retrain,0.608,0.022249999999999992,0.5953177257525074,,87.0,60.0,,False
cifar10,dir1,free_rider,,2,t2_pw_flirds1st,flirds1st,P5s,retrain,0.62225,0.03649999999999998,0.9765886287625399,,82.0,60.0,,False
cifar10,dir1,free_rider,,2,t2_pw_gtg,gtg,P5s,retrain,0.511,-0.07474999999999998,-1.9999999999999971,,,100.0,,False
cifar10,dir1,free_rider,,2,t2_pw_lossheur,lossheur,P5s,retrain,0.61575,0.030000000000000027,0.8026755852842806,,82.0,60.0,,False
cifar10,dir1,free_rider,,2,t2_pw_shapleyfl,shapleyfl,P5s,retrain,0.4835,-0.10225000000000001,-2.7357859531772544,,,96.0,,False
cifar10,dir1,free_rider,,2,t2_random_k40,,,,0.5485,-0.037250000000000005,-0.9966555183946477,,,40.0,,False
cifar10,dir1,free_rider,,2,t2_random_k48,,,,0.5595,-0.026249999999999996,-0.7023411371237448,,,48.0,,False
cifar10,dir1,free_rider,,2,t2_random_k54,,,,0.576375,-0.009375000000000022,-0.25083612040133807,,,54.0,,False
cifar10,dir1,free_rider,,2,t2_random_k55,,,,0.55525,-0.03049999999999997,-0.8160535117056839,,,55.0,,False
cifar10,dir1,free_rider,,2,t2_random_k57,,,,0.561625,-0.024124999999999952,-0.6454849498327738,,,57.0,,False
cifar10,dir1,free_rider,,2,t2_random_k59,,,,0.559375,-0.026375000000000037,-0.7056856187290971,,,59.0,,False
cifar10,dir1,free_rider,,2,t2_random_k60,,,,0.5785,-0.007249999999999979,-0.19397993311036707,,,60.0,,False
cifar10,dir1,free_rider,,2,t2_random_k64,,,,0.5715,-0.014249999999999985,-0.3812709030100326,,,64.0,,False
cifar10,dir1,free_rider,,2,t2_random_k66,,,,0.57675,-0.009000000000000008,-0.2408026755852842,,,66.0,,False
cifar10,dir1,free_rider,,2,t2_random_k69,,,,0.58525,-0.0004999999999999449,-0.013377926421403192,,,69.0,,False
cifar10,dir1,free_rider,,2,t2_random_k71,,,,0.59075,0.0050000000000000044,0.13377926421404676,,,71.0,,False
cifar10,dir1,free_rider,,2,t2_sign_comfedsv,comfedsv,P1,retrain,0.5025,-0.08325000000000005,-2.227424749163878,,,54.0,,False
cifar10,dir1,free_rider,,2,t2_sign_fedif,fedif,P1,retrain,0.623125,0.03737500000000005,1.0,,81.0,60.0,,True
cifar10,dir1,free_rider,,2,t2_sign_fedsv,fedsv,P1,retrain,0.505,-0.08074999999999999,-2.160535117056853,,,55.0,,False
cifar10,dir1,free_rider,,2,t2_sign_flirds,flirds,P1,retrain,0.605,0.01924999999999999,0.5150501672240794,,89.0,40.0,,False
cifar10,dir1,free_rider,,2,t2_sign_flirds1st,flirds1st,P1,retrain,0.623125,0.03737500000000005,1.0,,81.0,60.0,,False
cifar10,dir1,free_rider,,2,t2_sign_gtg,gtg,P1,retrain,0.518625,-0.06712499999999999,-1.795986622073576,,,55.0,,False
cifar10,dir1,free_rider,,2,t2_sign_lossheur,lossheur,P1,retrain,0.61425,0.02849999999999997,0.7625418060200652,,85.0,48.0,,False
cifar10,dir1,free_rider,,2,t2_sign_shapleyfl,shapleyfl,P1,retrain,0.517875,-0.06787500000000002,-1.8160535117056837,,,55.0,,False
cifar10,dir1,free_rider,,2,t2_signw_comfedsv,comfedsv,P2,retrain,0.449125,-0.136625,-3.6555183946488246,,,54.0,,False
cifar10,dir1,free_rider,,2,t2_signw_fedif,fedif,P2,retrain,0.618125,0.03237500000000004,0.8662207357859533,,82.0,60.0,,False
cifar10,dir1,free_rider,,2,t2_signw_fedsv,fedsv,P2,retrain,0.4505,-0.13524999999999998,-3.6187290969899615,,,55.0,,False
cifar10,dir1,free_rider,,2,t2_signw_flirds,flirds,P2,retrain,0.591625,0.005874999999999964,0.15719063545150386,,,40.0,,False
cifar10,dir1,free_rider,,2,t2_signw_flirds1st,flirds1st,P2,retrain,0.6195,0.03375000000000006,0.9030100334448165,,82.0,60.0,,False
cifar10,dir1,free_rider,,2,t2_signw_gtg,gtg,P2,retrain,0.444,-0.14175,-3.7926421404682222,,,55.0,,False
cifar10,dir1,free_rider,,2,t2_signw_lossheur,lossheur,P2,retrain,0.596125,0.010375000000000023,0.2775919732441474,,112.0,48.0,,False
cifar10,dir1,free_rider,,2,t2_signw_shapleyfl,shapleyfl,P2,retrain,0.43175,-0.15399999999999997,-4.120401337792636,,,55.0,,False
cifar10,dir1,free_rider,,2,vanilla,,,,0.58575,0.0,0.0,,,,,
cifar10,dir1,grad_noise,,0,comfedsv_cgate,comfedsv,P5h,online,0.495125,0.229375,0.6468100105745506,1.0,,,,
cifar10,dir1,grad_noise,,0,comfedsv_gate_v2,comfedsv,P1,online,0.59075,0.325,0.9164610504053577,1.0,,,,
cifar10,dir1,grad_noise,,0,comfedsv_gatew_v2,comfedsv,P2,online,0.61075,0.34500000000000003,0.972858653507226,1.0,88.0,,,
cifar10,dir1,grad_noise,,0,comfedsv_mult,comfedsv,P3,online,0.440125,0.174375,0.4917166020444131,0.9966666666666667,,,,
cifar10,dir1,grad_noise,,0,comfedsv_pweight,comfedsv,P5s,online,0.56075,0.295,0.8318646457525554,1.0,,,,
cifar10,dir1,grad_noise,,0,comfedsv_zgate_v2,comfedsv,P4,online,0.2795,0.01375000000000004,0.03877335213253448,1.0,,,,
cifar10,dir1,grad_noise,,0,fedif_cgate,fedif,P5h,online,0.245375,-0.020374999999999976,-0.057455058160028126,1.0,,,,
cifar10,dir1,grad_noise,,0,fedif_gate_v2,fedif,P1,online,0.25925,-0.006500000000000006,-0.01832922100810717,1.0,,,,
cifar10,dir1,grad_noise,,0,fedif_gatew_v2,fedif,P2,online,0.593625,0.32787499999999997,0.9245682058512512,1.0,97.0,,,
cifar10,dir1,grad_noise,,0,fedif_mult,fedif,P3,online,0.5285,0.26275,0.740923510750793,0.98875,,,,
cifar10,dir1,grad_noise,,0,fedif_pweight,fedif,P5s,online,0.265375,-0.0003749999999999587,-0.0010574550581599117,1.0,,,,
cifar10,dir1,grad_noise,,0,fedif_zgate_v2,fedif,P4,online,0.241875,-0.02387499999999998,-0.06732463870285507,1.0,,,,
cifar10,dir1,grad_noise,,0,fedsv_cgate,fedsv,P5h,online,0.4965,0.23075,0.650687345787804,1.0,,,,
cifar10,dir1,grad_noise,,0,fedsv_gate_v2,fedsv,P1,online,0.597125,0.33137500000000003,0.9344377863940783,1.0,,,,
cifar10,dir1,grad_noise,,0,fedsv_gatew_v2,fedsv,P2,online,0.607875,0.34212500000000007,0.9647514980613325,1.0,95.0,,,
cifar10,dir1,grad_noise,,0,fedsv_mult,fedsv,P3,online,0.454875,0.189125,0.5333098343320408,1.0,,,,
cifar10,dir1,grad_noise,,0,fedsv_pweight,fedsv,P5s,online,0.56425,0.29850000000000004,0.8417342262953825,1.0,,,,
cifar10,dir1,grad_noise,,0,fedsv_zgate_v2,fedsv,P4,online,0.286,0.02024999999999999,0.05710257314064149,1.0,,,,
cifar10,dir1,grad_noise,,0,flirds1st_cgate,flirds1st,P5h,online,0.245375,-0.020374999999999976,-0.057455058160028126,0.525,,,,
cifar10,dir1,grad_noise,,0,flirds1st_gate_v2,flirds1st,P1,online,0.25925,-0.006500000000000006,-0.01832922100810717,0.5291666666666667,,,,
cifar10,dir1,grad_noise,,0,flirds1st_gatew_v2,flirds1st,P2,online,0.1885,-0.07724999999999999,-0.21783574198096575,0.525,,,,
cifar10,dir1,grad_noise,,0,flirds1st_mult,flirds1st,P3,online,0.23075,-0.034999999999999976,-0.09869580542826922,0.4504166666666667,,,,
cifar10,dir1,grad_noise,,0,flirds1st_pweight,flirds1st,P5s,online,0.2655,-0.00024999999999997247,-0.0007049700387732745,0.49750000000000005,,,,
cifar10,dir1,grad_noise,,0,flirds1st_zgate_v2,flirds1st,P4,online,0.263875,-0.00187499999999996,-0.005287275290800028,0.47125,,,,
cifar10,dir1,grad_noise,,0,flirds_cgate,flirds,P5h,online,0.524875,0.259125,0.7307014451885794,0.995,,,,
cifar10,dir1,grad_noise,,0,flirds_gate_v1,flirds,P1v1,online,0.572375,0.306625,0.8646457525555162,0.9987499999999999,,,,
cifar10,dir1,grad_noise,,0,flirds_gate_v2,flirds,P1,online,0.537,0.27125000000000005,0.7648924920690872,0.9891666666666666,,,,
cifar10,dir1,grad_noise,,0,flirds_gatew_v1,,,,0.544875,0.279125,0.7870990482904476,0.9995833333333333,,,,
cifar10,dir1,grad_noise,,0,flirds_gatew_v2,flirds,P2,online,0.57825,0.31250000000000006,0.8812125484666903,0.97875,,,,
cifar10,dir1,grad_noise,,0,flirds_mult,flirds,P3,online,0.462875,0.197125,0.5558688755727881,0.9924999999999999,,,,
cifar10,dir1,grad_noise,,0,flirds_pweight,flirds,P5s,online,0.566125,0.300375,0.8470215015861825,0.9995833333333333,,,,
cifar10,dir1,grad_noise,,0,flirds_zgate_v2,flirds,P4,online,0.378875,0.11312500000000003,0.31899894254494193,0.9966666666666666,,,,
cifar10,dir1,grad_noise,,0,gtg_cgate,gtg,P5h,online,0.5255,0.25975,0.7324638702855127,0.9945833333333333,,,,
cifar10,dir1,grad_noise,,0,gtg_gate_v2,gtg,P1,online,0.59425,0.32849999999999996,0.9263306309481846,0.9941666666666666,94.0,,,
cifar10,dir1,grad_noise,,0,gtg_gatew_v2,gtg,P2,online,0.616625,0.350875,0.9894254494183996,0.9937499999999999,77.0,,,
cifar10,dir1,grad_noise,,0,gtg_mult,gtg,P3,online,0.55075,0.285,0.8036658442016213,1.0,,,,
cifar10,dir1,grad_noise,,0,gtg_pweight,gtg,P5s,online,0.5615,0.29575,0.8339795558688755,1.0,,,,
cifar10,dir1,grad_noise,,0,gtg_zgate_v2,gtg,P4,online,0.28075,0.015000000000000013,0.04229820232640116,1.0,,,,
cifar10,dir1,grad_noise,,0,lossheur_cgate,lossheur,P5h,online,0.36475,0.09900000000000003,0.2791681353542475,0.9995833333333333,,,,
cifar10,dir1,grad_noise,,0,lossheur_gate_v2,lossheur,P1,online,0.588,0.32225,0.9087063799788507,0.9983333333333333,,,,
cifar10,dir1,grad_noise,,0,lossheur_gatew_v2,lossheur,P2,online,0.595375,0.329625,0.9295029961226647,0.9983333333333333,,,,
cifar10,dir1,grad_noise,,0,lossheur_mult,lossheur,P3,online,0.443,0.17725000000000002,0.49982375749030666,0.9641666666666666,,,,
cifar10,dir1,grad_noise,,0,lossheur_pweight,lossheur,P5s,online,0.551375,0.28562499999999996,0.8054282692985546,1.0,,,,
cifar10,dir1,grad_noise,,0,lossheur_zgate_v2,lossheur,P4,online,0.322375,0.056625000000000036,0.15967571378216436,0.9970833333333333,,,,
cifar10,dir1,grad_noise,,0,observer,,,,0.259125,-0.006624999999999992,-0.01868170602749381,,,,,
cifar10,dir1,grad_noise,,0,oracle_excl,,,,0.620375,0.354625,1.0,,75.0,,,
cifar10,dir1,grad_noise,,0,random_excl,,,,0.241125,-0.02462499999999998,-0.06943954881917512,,,,,
cifar10,dir1,grad_noise,,0,shapleyfl_cgate,shapleyfl,P5h,online,0.53175,0.26599999999999996,0.7500881212548465,1.0,,,,
cifar10,dir1,grad_noise,,0,shapleyfl_gate_v2,shapleyfl,P1,online,0.60925,0.34349999999999997,0.9686288332745857,1.0,86.0,,,
cifar10,dir1,grad_noise,,0,shapleyfl_gatew_v2,shapleyfl,P2,online,0.615375,0.349625,0.985900599224533,1.0,85.0,,,
cifar10,dir1,grad_noise,,0,shapleyfl_mult,shapleyfl,P3,online,0.54125,0.2755,0.776876982728234,1.0,,,,
cifar10,dir1,grad_noise,,0,shapleyfl_pweight,shapleyfl,P5s,online,0.56825,0.30250000000000005,0.8530137469157562,1.0,,,,
cifar10,dir1,grad_noise,,0,shapleyfl_zgate_v2,shapleyfl,P4,online,0.26325,-0.0025000000000000022,-0.0070497003877335275,1.0,,,,
cifar10,dir1,grad_noise,,0,t2_csign_comfedsv,comfedsv,P5h,retrain,0.532,0.26625000000000004,0.75079309129362,,,62.0,,True
cifar10,dir1,grad_noise,,0,t2_csign_fedif,fedif,P5h,retrain,0.26575,0.0,0.0,,,100.0,equals_vanilla,
cifar10,dir1,grad_noise,,0,t2_csign_fedsv,fedsv,P5h,retrain,0.532,0.26625000000000004,0.75079309129362,,,62.0,,False
cifar10,dir1,grad_noise,,0,t2_csign_flirds,flirds,P5h,retrain,0.62975,0.36400000000000005,1.0264363764540008,,79.0,58.0,,False
cifar10,dir1,grad_noise,,0,t2_csign_flirds1st,flirds1st,P5h,retrain,0.26575,0.0,0.0,,,100.0,equals_vanilla,
cifar10,dir1,grad_noise,,0,t2_csign_gtg,gtg,P5h,retrain,0.620125,0.35437500000000005,0.9992950299612268,,75.0,60.0,,False
cifar10,dir1,grad_noise,,0,t2_csign_lossheur,lossheur,P5h,retrain,0.397625,0.13187500000000002,0.3718716954529433,,,81.0,,False
cifar10,dir1,grad_noise,,0,t2_csign_shapleyfl,shapleyfl,P5h,retrain,0.620125,0.35437500000000005,0.9992950299612268,,75.0,60.0,,True
cifar10,dir1,grad_noise,,0,t2_pw_comfedsv,comfedsv,P5s,retrain,0.61,0.34425,0.9707437433909059,,86.0,100.0,,False
cifar10,dir1,grad_noise,,0,t2_pw_fedif,fedif,P5s,retrain,0.239,-0.026749999999999996,-0.07543179414874866,,,100.0,,False
cifar10,dir1,grad_noise,,0,t2_pw_fedsv,fedsv,P5s,retrain,0.608875,0.34312500000000007,0.9675713782164259,,86.0,100.0,,False
cifar10,dir1,grad_noise,,0,t2_pw_flirds,flirds,P5s,retrain,0.61375,0.34800000000000003,0.9813182939725061,,101.0,97.0,,False
cifar10,dir1,grad_noise,,0,t2_pw_flirds1st,flirds1st,P5s,retrain,0.25875,-0.007000000000000006,-0.019739161085653874,,,100.0,,False
cifar10,dir1,grad_noise,,0,t2_pw_gtg,gtg,P5s,retrain,0.6155,0.34975000000000006,0.9862530842439198,,86.0,100.0,,False
cifar10,dir1,grad_noise,,0,t2_pw_lossheur,lossheur,P5s,retrain,0.519375,0.25362500000000004,0.7151921043355658,,,100.0,,False
cifar10,dir1,grad_noise,,0,t2_pw_shapleyfl,shapleyfl,P5s,retrain,0.61,0.34425,0.9707437433909059,,82.0,91.0,,False
cifar10,dir1,grad_noise,,0,t2_random_k41,,,,0.237375,-0.028374999999999984,-0.08001409940077542,,,41.0,,False
cifar10,dir1,grad_noise,,0,t2_random_k58,,,,0.272375,0.006624999999999992,0.01868170602749381,,,58.0,,False
cifar10,dir1,grad_noise,,0,t2_random_k60,,,,0.259875,-0.005874999999999964,-0.01656679591117367,,,60.0,,False
cifar10,dir1,grad_noise,,0,t2_random_k62,,,,0.262125,-0.0036249999999999893,-0.010222065562213575,,,62.0,,False
cifar10,dir1,grad_noise,,0,t2_random_k68,,,,0.259625,-0.0061249999999999916,-0.0172717659499471,,,68.0,,False
cifar10,dir1,grad_noise,,0,t2_random_k81,,,,0.230125,-0.03562499999999999,-0.10045823052520264,,,81.0,,False
cifar10,dir1,grad_noise,,0,t2_sign_comfedsv,comfedsv,P1,retrain,0.620375,0.354625,1.0,,75.0,60.0,,True
cifar10,dir1,grad_noise,,0,t2_sign_fedif,fedif,P1,retrain,0.26575,0.0,0.0,,,100.0,equals_vanilla,
cifar10,dir1,grad_noise,,0,t2_sign_fedsv,fedsv,P1,retrain,0.620375,0.354625,1.0,,75.0,60.0,,True
cifar10,dir1,grad_noise,,0,t2_sign_flirds,flirds,P1,retrain,0.607,0.34125,0.9622841029256256,,87.0,41.0,,False
cifar10,dir1,grad_noise,,0,t2_sign_flirds1st,flirds1st,P1,retrain,0.26575,0.0,0.0,,,100.0,equals_vanilla,
cifar10,dir1,grad_noise,,0,t2_sign_gtg,gtg,P1,retrain,0.620375,0.354625,1.0,,75.0,60.0,,False
cifar10,dir1,grad_noise,,0,t2_sign_lossheur,lossheur,P1,retrain,0.503625,0.237875,0.6707789918928445,,,68.0,,False
cifar10,dir1,grad_noise,,0,t2_sign_shapleyfl,shapleyfl,P1,retrain,0.620375,0.354625,1.0,,75.0,60.0,,True
cifar10,dir1,grad_noise,,0,t2_signw_comfedsv,comfedsv,P2,retrain,0.617,0.35125,0.9904829044765597,,83.0,60.0,,False
cifar10,dir1,grad_noise,,0,t2_signw_fedif,fedif,P2,retrain,0.615375,0.349625,0.985900599224533,,86.0,100.0,,False
cifar10,dir1,grad_noise,,0,t2_signw_fedsv,fedsv,P2,retrain,0.618375,0.352625,0.9943602396898131,,75.0,60.0,,False
cifar10,dir1,grad_noise,,0,t2_signw_flirds,flirds,P2,retrain,0.58175,0.316,0.891082129009517,,,41.0,,False
cifar10,dir1,grad_noise,,0,t2_signw_flirds1st,flirds1st,P2,retrain,0.193875,-0.071875,-0.2026788861473387,,,100.0,,False
cifar10,dir1,grad_noise,,0,t2_signw_gtg,gtg,P2,retrain,0.616125,0.35037500000000005,0.9880155093408531,,75.0,60.0,,False
cifar10,dir1,grad_noise,,0,t2_signw_lossheur,lossheur,P2,retrain,0.604375,0.338625,0.9548819175185054,,102.0,68.0,,False
cifar10,dir1,grad_noise,,0,t2_signw_shapleyfl,shapleyfl,P2,retrain,0.62,0.35425,0.99894254494184,,75.0,60.0,,False
cifar10,dir1,grad_noise,,0,vanilla,,,,0.26575,0.0,0.0,,,,,
cifar10,dir1,grad_noise,,1,comfedsv_cgate,comfedsv,P5h,online,0.498125,0.27675,0.6986431050804669,1.0,,,,
cifar10,dir1,grad_noise,,1,comfedsv_gate_v2,comfedsv,P1,online,0.58975,0.368375,0.9299463553171347,1.0,,,,
cifar10,dir1,grad_noise,,1,comfedsv_gatew_v2,comfedsv,P2,online,0.607125,0.38575000000000004,0.9738087724834332,1.0,82.0,,,
cifar10,dir1,grad_noise,,1,comfedsv_mult,comfedsv,P3,online,0.402625,0.18125000000000002,0.4575575891448406,1.0,,,,
cifar10,dir1,grad_noise,,1,comfedsv_pweight,comfedsv,P5s,online,0.52975,0.30837500000000007,0.778479015462291,1.0,,,,
cifar10,dir1,grad_noise,,1,comfedsv_zgate_v2,comfedsv,P4,online,0.298625,0.07724999999999999,0.19501420006311132,1.0,,,,
cifar10,dir1,grad_noise,,1,fedif_cgate,fedif,P5h,online,0.236125,0.014750000000000013,0.03723572104764913,1.0,,,,
cifar10,dir1,grad_noise,,1,fedif_gate_v2,fedif,P1,online,0.251,0.029625000000000012,0.07478699905332914,1.0,,,,
cifar10,dir1,grad_noise,,1,fedif_gatew_v2,fedif,P2,online,0.608625,0.38725,0.9775954559798041,1.0,80.0,,,
cifar10,dir1,grad_noise,,1,fedif_mult,fedif,P3,online,0.53825,0.316875,0.7999368886083937,0.99625,,,,
cifar10,dir1,grad_noise,,1,fedif_pweight,fedif,P5s,online,0.2395,0.018125000000000002,0.045755758914484065,1.0,,,,
cifar10,dir1,grad_noise,,1,fedif_zgate_v2,fedif,P4,online,0.243375,0.02200000000000002,0.05553802461344277,1.0,,,,
cifar10,dir1,grad_noise,,1,fedsv_cgate,fedsv,P5h,online,0.513375,0.29200000000000004,0.7371410539602398,1.0,,,,
cifar10,dir1,grad_noise,,1,fedsv_gate_v2,fedsv,P1,online,0.60325,0.38187499999999996,0.9640265067844743,1.0,112.0,,,
cifar10,dir1,grad_noise,,1,fedsv_gatew_v2,fedsv,P2,online,0.602625,0.38125,0.9624487219943197,1.0,82.0,,,
cifar10,dir1,grad_noise,,1,fedsv_mult,fedsv,P3,online,0.42275,0.20137500000000003,0.5083622593878195,1.0,,,,
cifar10,dir1,grad_noise,,1,fedsv_pweight,fedsv,P5s,online,0.527625,0.30625,0.7731145471757651,1.0,,,,
cifar10,dir1,grad_noise,,1,fedsv_zgate_v2,fedsv,P4,online,0.27325,0.051875000000000004,0.1309561375828337,1.0,,,,
cifar10,dir1,grad_noise,,1,flirds1st_cgate,flirds1st,P5h,online,0.236125,0.014750000000000013,0.03723572104764913,0.45166666666666666,,,,
cifar10,dir1,grad_noise,,1,flirds1st_gate_v2,flirds1st,P1,online,0.251,0.029625000000000012,0.07478699905332914,0.48333333333333334,,,,
cifar10,dir1,grad_noise,,1,flirds1st_gatew_v2,flirds1st,P2,online,0.191375,-0.03,-0.07573366992742188,0.5058333333333334,,,,
cifar10,dir1,grad_noise,,1,flirds1st_mult,flirds1st,P3,online,0.19875,-0.02262499999999998,-0.057115809403597284,0.48625,,,,
cifar10,dir1,grad_noise,,1,flirds1st_pweight,flirds1st,P5s,online,0.23875,0.017375,0.04386241716629852,0.5079166666666666,,,,
cifar10,dir1,grad_noise,,1,flirds1st_zgate_v2,flirds1st,P4,online,0.24225,0.020875000000000005,0.05269801199116441,0.4475,,,,
cifar10,dir1,grad_noise,,1,flirds_cgate,flirds,P5h,online,0.51325,0.291875,0.7368254970022088,0.9816666666666667,,,,
cifar10,dir1,grad_noise,,1,flirds_gate_v1,flirds,P1v1,online,0.512875,0.2915,0.735878826128116,0.9995833333333333,,,,
cifar10,dir1,grad_noise,,1,flirds_gate_v2,flirds,P1,online,0.58525,0.36387500000000006,0.9185863048280215,0.995,,,,
cifar10,dir1,grad_noise,,1,flirds_gatew_v1,,,,0.50575,0.28437500000000004,0.7178920795203534,0.9983333333333333,,,,
cifar10,dir1,grad_noise,,1,flirds_gatew_v2,flirds,P2,online,0.594375,0.373,0.9416219627642788,0.9954166666666666,,,,
cifar10,dir1,grad_noise,,1,flirds_mult,flirds,P3,online,0.44575,0.224375,0.5664247396655095,0.9975,,,,
cifar10,dir1,grad_noise,,1,flirds_pweight,flirds,P5s,online,0.518125,0.29674999999999996,0.7491322183654148,0.9983333333333333,,,,
cifar10,dir1,grad_noise,,1,flirds_zgate_v2,flirds,P4,online,0.32875,0.107375,0.27106342694856417,0.9945833333333334,,,,
cifar10,dir1,grad_noise,,1,gtg_cgate,gtg,P5h,online,0.51375,0.29237500000000005,0.7380877248343326,0.9937499999999999,,,,
cifar10,dir1,grad_noise,,1,gtg_gate_v2,gtg,P1,online,0.60325,0.38187499999999996,0.9640265067844743,1.0,85.0,,,
cifar10,dir1,grad_noise,,1,gtg_gatew_v2,gtg,P2,online,0.609125,0.38775000000000004,0.978857683811928,1.0,83.0,,,
cifar10,dir1,grad_noise,,1,gtg_mult,gtg,P3,online,0.51425,0.292875,0.7393499526664562,1.0,,,,
cifar10,dir1,grad_noise,,1,gtg_pweight,gtg,P5s,online,0.536,0.31462500000000004,0.7942568633638372,1.0,,,,
cifar10,dir1,grad_noise,,1,gtg_zgate_v2,gtg,P4,online,0.298375,0.07700000000000001,0.19438308614704955,1.0,,,,
cifar10,dir1,grad_noise,,1,lossheur_cgate,lossheur,P5h,online,0.432875,0.21150000000000002,0.5339223729883243,1.0,,,,
cifar10,dir1,grad_noise,,1,lossheur_gate_v2,lossheur,P1,online,0.599,0.377625,0.953297570211423,0.9995833333333333,102.0,,,
cifar10,dir1,grad_noise,,1,lossheur_gatew_v2,lossheur,P2,online,0.60675,0.385375,0.9728621016093404,0.9987499999999999,84.0,,,
cifar10,dir1,grad_noise,,1,lossheur_mult,lossheur,P3,online,0.4175,0.196125,0.4951088671505206,0.9920833333333333,,,,
cifar10,dir1,grad_noise,,1,lossheur_pweight,lossheur,P5s,online,0.5375,0.316125,0.7980435468602081,1.0,,,,
cifar10,dir1,grad_noise,,1,lossheur_zgate_v2,lossheur,P4,online,0.303375,0.08200000000000002,0.20700536446828655,1.0,,,,
cifar10,dir1,grad_noise,,1,observer,,,,0.232375,0.01100000000000001,0.027769012306721384,,,,,
cifar10,dir1,grad_noise,,1,oracle_excl,,,,0.6175,0.39612500000000006,1.0,,79.0,,,
cifar10,dir1,grad_noise,,1,random_excl,,,,0.281875,0.0605,0.15272956768696747,,,,,
cifar10,dir1,grad_noise,,1,shapleyfl_cgate,shapleyfl,P5h,online,0.5265,0.305125,0.7702745345534867,1.0,,,,
cifar10,dir1,grad_noise,,1,shapleyfl_gate_v2,shapleyfl,P1,online,0.622875,0.40149999999999997,1.0135689491953295,1.0,82.0,,,
cifar10,dir1,grad_noise,,1,shapleyfl_gatew_v2,shapleyfl,P2,online,0.609875,0.38849999999999996,0.9807510255601133,1.0,82.0,,,
cifar10,dir1,grad_noise,,1,shapleyfl_mult,shapleyfl,P3,online,0.522375,0.30100000000000005,0.7598611549384664,1.0,,,,
cifar10,dir1,grad_noise,,1,shapleyfl_pweight,shapleyfl,P5s,online,0.526875,0.3055,0.7712212054275795,1.0,,,,
cifar10,dir1,grad_noise,,1,shapleyfl_zgate_v2,shapleyfl,P4,online,0.292375,0.07100000000000001,0.17923635216156517,1.0,,,,
cifar10,dir1,grad_noise,,1,t2_csign_comfedsv,comfedsv,P5h,retrain,0.54275,0.32137499999999997,0.8112969390975069,,,61.0,,True
cifar10,dir1,grad_noise,,1,t2_csign_fedif,fedif,P5h,retrain,0.221375,0.0,0.0,,,100.0,equals_vanilla,
cifar10,dir1,grad_noise,,1,t2_csign_fedsv,fedsv,P5h,retrain,0.54275,0.32137499999999997,0.8112969390975069,,,61.0,,False
cifar10,dir1,grad_noise,,1,t2_csign_flirds,flirds,P5h,retrain,0.618875,0.39749999999999996,1.00347112653834,,72.0,56.0,,False
cifar10,dir1,grad_noise,,1,t2_csign_flirds1st,flirds1st,P5h,retrain,0.221375,0.0,0.0,,,100.0,equals_vanilla,
cifar10,dir1,grad_noise,,1,t2_csign_gtg,gtg,P5h,retrain,0.616375,0.395,0.9971599873777216,,79.0,60.0,,False
cifar10,dir1,grad_noise,,1,t2_csign_lossheur,lossheur,P5h,retrain,0.36425,0.14287500000000003,0.3606816030293468,,,82.0,,False
cifar10,dir1,grad_noise,,1,t2_csign_shapleyfl,shapleyfl,P5h,retrain,0.616375,0.395,0.9971599873777216,,79.0,60.0,,True
cifar10,dir1,grad_noise,,1,t2_pw_comfedsv,comfedsv,P5s,retrain,0.619375,0.398,1.0047333543704637,,91.0,100.0,,False
cifar10,dir1,grad_noise,,1,t2_pw_fedif,fedif,P5s,retrain,0.2475,0.02612500000000001,0.06595140422846325,,,100.0,,False
cifar10,dir1,grad_noise,,1,t2_pw_fedsv,fedsv,P5s,retrain,0.615375,0.394,0.9946355317134742,,91.0,100.0,,False
cifar10,dir1,grad_noise,,1,t2_pw_flirds,flirds,P5s,retrain,0.608375,0.387,0.9769643420637424,,94.0,98.0,,False
cifar10,dir1,grad_noise,,1,t2_pw_flirds1st,flirds1st,P5s,retrain,0.232,0.010625000000000023,0.026822341432628644,,,100.0,,False
cifar10,dir1,grad_noise,,1,t2_pw_gtg,gtg,P5s,retrain,0.62125,0.399875,1.0094667087409275,,82.0,100.0,,False
cifar10,dir1,grad_noise,,1,t2_pw_lossheur,lossheur,P5s,retrain,0.43875,0.21737499999999998,0.5487535500157777,,,100.0,,False
cifar10,dir1,grad_noise,,1,t2_pw_shapleyfl,shapleyfl,P5s,retrain,0.609625,0.38825,0.9801199116440515,,87.0,94.0,,False
cifar10,dir1,grad_noise,,1,t2_random_k35,,,,0.206,-0.015375,-0.03881350583780372,,,35.0,,False
cifar10,dir1,grad_noise,,1,t2_random_k56,,,,0.215,-0.006374999999999992,-0.01609340485957713,,,56.0,,False
cifar10,dir1,grad_noise,,1,t2_random_k60,,,,0.221125,-0.0002500000000000002,-0.0006311139160618496,,,60.0,,False
cifar10,dir1,grad_noise,,1,t2_random_k61,,,,0.227125,0.005750000000000005,0.014515620069422542,,,61.0,,False
cifar10,dir1,grad_noise,,1,t2_random_k71,,,,0.2195,-0.0018749999999999878,-0.004733354370463837,,,71.0,,False
cifar10,dir1,grad_noise,,1,t2_random_k82,,,,0.267125,0.04575000000000001,0.11549384663931841,,,82.0,,False
cifar10,dir1,grad_noise,,1,t2_sign_comfedsv,comfedsv,P1,retrain,0.6175,0.39612500000000006,1.0,,79.0,60.0,,True
cifar10,dir1,grad_noise,,1,t2_sign_fedif,fedif,P1,retrain,0.221375,0.0,0.0,,,100.0,equals_vanilla,
cifar10,dir1,grad_noise,,1,t2_sign_fedsv,fedsv,P1,retrain,0.6175,0.39612500000000006,1.0,,79.0,60.0,,True
cifar10,dir1,grad_noise,,1,t2_sign_flirds,flirds,P1,retrain,0.602875,0.38150000000000006,0.9630798359103818,,103.0,35.0,,False
cifar10,dir1,grad_noise,,1,t2_sign_flirds1st,flirds1st,P1,retrain,0.221375,0.0,0.0,,,100.0,equals_vanilla,
cifar10,dir1,grad_noise,,1,t2_sign_gtg,gtg,P1,retrain,0.6175,0.39612500000000006,1.0,,79.0,60.0,,False
cifar10,dir1,grad_noise,,1,t2_sign_lossheur,lossheur,P1,retrain,0.445875,0.22450000000000003,0.5667402966235405,,,71.0,,False
cifar10,dir1,grad_noise,,1,t2_sign_shapleyfl,shapleyfl,P1,retrain,0.6175,0.39612500000000006,1.0,,79.0,60.0,,True
cifar10,dir1,grad_noise,,1,t2_signw_comfedsv,comfedsv,P2,retrain,0.615375,0.394,0.9946355317134742,,86.0,60.0,,False
cifar10,dir1,grad_noise,,1,t2_signw_fedif,fedif,P2,retrain,0.616375,0.395,0.9971599873777216,,91.0,100.0,,False
cifar10,dir1,grad_noise,,1,t2_signw_fedsv,fedsv,P2,retrain,0.61475,0.39337500000000003,0.9930577469233196,,82.0,60.0,,False
cifar10,dir1,grad_noise,,1,t2_signw_flirds,flirds,P2,retrain,0.592125,0.37075,0.9359419375197222,,,35.0,,False
cifar10,dir1,grad_noise,,1,t2_signw_flirds1st,flirds1st,P2,retrain,0.196,-0.02537499999999998,-0.06405806248027764,,,100.0,,False
cifar10,dir1,grad_noise,,1,t2_signw_gtg,gtg,P2,retrain,0.6145,0.39312500000000006,0.9924266330072578,,81.0,60.0,,False
cifar10,dir1,grad_noise,,1,t2_signw_lossheur,lossheur,P2,retrain,0.57975,0.358375,0.9047017986746606,,,71.0,,False
cifar10,dir1,grad_noise,,1,t2_signw_shapleyfl,shapleyfl,P2,retrain,0.61375,0.39237500000000003,0.9905332912590722,,81.0,60.0,,False
cifar10,dir1,grad_noise,,1,vanilla,,,,0.221375,0.0,0.0,,,,,
cifar10,dir1,grad_noise,,2,comfedsv_cgate,comfedsv,P5h,online,0.4925,0.24875,0.6556836902800659,1.0,,,,
cifar10,dir1,grad_noise,,2,comfedsv_gate_v2,comfedsv,P1,online,0.580875,0.337125,0.8886326194398682,1.0,,,,
cifar10,dir1,grad_noise,,2,comfedsv_gatew_v2,comfedsv,P2,online,0.59975,0.356,0.9383855024711696,1.0,98.0,,,
cifar10,dir1,grad_noise,,2,comfedsv_mult,comfedsv,P3,online,0.384625,0.140875,0.37133443163097196,1.0,,,,
cifar10,dir1,grad_noise,,2,comfedsv_pweight,comfedsv,P5s,online,0.535625,0.291875,0.7693574958813838,1.0,,,,
cifar10,dir1,grad_noise,,2,comfedsv_zgate_v2,comfedsv,P4,online,0.28,0.03625000000000003,0.09555189456342678,1.0,,,,
cifar10,dir1,grad_noise,,2,fedif_cgate,fedif,P5h,online,0.24525,0.0015000000000000013,0.0039538714991762805,1.0,,,,
cifar10,dir1,grad_noise,,2,fedif_gate_v2,fedif,P1,online,0.233375,-0.010374999999999995,-0.027347611202635902,1.0,,,,
cifar10,dir1,grad_noise,,2,fedif_gatew_v2,fedif,P2,online,0.610625,0.36687499999999995,0.9670510708401975,1.0,92.0,,,
cifar10,dir1,grad_noise,,2,fedif_mult,fedif,P3,online,0.5035,0.2597499999999999,0.6846787479406917,1.0,,,,
cifar10,dir1,grad_noise,,2,fedif_pweight,fedif,P5s,online,0.222125,-0.021625000000000005,-0.057001647446458,1.0,,,,
cifar10,dir1,grad_noise,,2,fedif_zgate_v2,fedif,P4,online,0.252,0.008250000000000007,0.02174629324546954,1.0,,,,
cifar10,dir1,grad_noise,,2,fedsv_cgate,fedsv,P5h,online,0.513875,0.27012499999999995,0.7120263591433277,1.0,,,,
cifar10,dir1,grad_noise,,2,fedsv_gate_v2,fedsv,P1,online,0.591125,0.347375,0.9156507413509061,1.0,,,,
cifar10,dir1,grad_noise,,2,fedsv_gatew_v2,fedsv,P2,online,0.6065,0.36275,0.956177924217463,1.0,97.0,,,
cifar10,dir1,grad_noise,,2,fedsv_mult,fedsv,P3,online,0.398625,0.154875,0.40823723228995057,1.0,,,,
cifar10,dir1,grad_noise,,2,fedsv_pweight,fedsv,P5s,online,0.539875,0.29612499999999997,0.7805601317957165,1.0,,,,
cifar10,dir1,grad_noise,,2,fedsv_zgate_v2,fedsv,P4,online,0.262375,0.01862500000000003,0.04909390444810551,1.0,,,,
cifar10,dir1,grad_noise,,2,flirds1st_cgate,flirds1st,P5h,online,0.24525,0.0015000000000000013,0.0039538714991762805,0.4791666666666667,,,,
cifar10,dir1,grad_noise,,2,flirds1st_gate_v2,flirds1st,P1,online,0.233375,-0.010374999999999995,-0.027347611202635902,0.48666666666666664,,,,
cifar10,dir1,grad_noise,,2,flirds1st_gatew_v2,flirds1st,P2,online,0.180375,-0.06337499999999999,-0.16705107084019766,0.48875,,,,
cifar10,dir1,grad_noise,,2,flirds1st_mult,flirds1st,P3,online,0.18225,-0.0615,-0.16210873146622734,0.5416666666666666,,,,
cifar10,dir1,grad_noise,,2,flirds1st_pweight,flirds1st,P5s,online,0.229625,-0.014124999999999999,-0.0372322899505766,0.47375000000000006,,,,
cifar10,dir1,grad_noise,,2,flirds1st_zgate_v2,flirds1st,P4,online,0.264625,0.020875000000000005,0.055024711696869864,0.5858333333333333,,,,
cifar10,dir1,grad_noise,,2,flirds_cgate,flirds,P5h,online,0.512625,0.268875,0.7087314662273475,0.9970833333333333,,,,
cifar10,dir1,grad_noise,,2,flirds_gate_v1,flirds,P1v1,online,0.55325,0.3095,0.8158154859967051,1.0,,,,
cifar10,dir1,grad_noise,,2,flirds_gate_v2,flirds,P1,online,0.578125,0.334375,0.8813838550247116,0.99125,,,,
cifar10,dir1,grad_noise,,2,flirds_gatew_v1,,,,0.503375,0.259625,0.6843492586490939,1.0,,,,
cifar10,dir1,grad_noise,,2,flirds_gatew_v2,flirds,P2,online,0.589625,0.34587499999999993,0.9116968698517296,0.9945833333333334,98.0,,,
cifar10,dir1,grad_noise,,2,flirds_mult,flirds,P3,online,0.4005,0.15675000000000003,0.413179571663921,0.9908333333333332,,,,
cifar10,dir1,grad_noise,,2,flirds_pweight,flirds,P5s,online,0.540625,0.296875,0.7825370675453047,1.0,,,,
cifar10,dir1,grad_noise,,2,flirds_zgate_v2,flirds,P4,online,0.318,0.07425000000000001,0.19571663920922572,1.0,,,,
cifar10,dir1,grad_noise,,2,gtg_cgate,gtg,P5h,online,0.511375,0.267625,0.7054365733113673,1.0,,,,
cifar10,dir1,grad_noise,,2,gtg_gate_v2,gtg,P1,online,0.594125,0.350375,0.9235584843492586,1.0,,,,
cifar10,dir1,grad_noise,,2,gtg_gatew_v2,gtg,P2,online,0.608125,0.364375,0.9604612850082372,0.9995833333333333,92.0,,,
cifar10,dir1,grad_noise,,2,gtg_mult,gtg,P3,online,0.50175,0.258,0.6800658978583196,1.0,,,,
cifar10,dir1,grad_noise,,2,gtg_pweight,gtg,P5s,online,0.539375,0.295625,0.7792421746293245,1.0,,,,
cifar10,dir1,grad_noise,,2,gtg_zgate_v2,gtg,P4,online,0.26,0.016250000000000014,0.042833607907743036,1.0,,,,
cifar10,dir1,grad_noise,,2,lossheur_cgate,lossheur,P5h,online,0.390125,0.146375,0.385831960461285,1.0,,,,
cifar10,dir1,grad_noise,,2,lossheur_gate_v2,lossheur,P1,online,0.60725,0.36349999999999993,0.9581548599670509,0.9983333333333333,96.0,,,
cifar10,dir1,grad_noise,,2,lossheur_gatew_v2,lossheur,P2,online,0.597125,0.353375,0.9314662273476112,0.9941666666666666,,,,
cifar10,dir1,grad_noise,,2,lossheur_mult,lossheur,P3,online,0.3835,0.13975,0.3683690280065898,0.99625,,,,
cifar10,dir1,grad_noise,,2,lossheur_pweight,lossheur,P5s,online,0.523,0.27925,0.7360790774299835,1.0,,,,
cifar10,dir1,grad_noise,,2,lossheur_zgate_v2,lossheur,P4,online,0.34675,0.10300000000000001,0.271499176276771,0.9979166666666666,,,,
cifar10,dir1,grad_noise,,2,observer,,,,0.2425,-0.0012500000000000011,-0.0032948929159802333,,,,,
cifar10,dir1,grad_noise,,2,oracle_excl,,,,0.623125,0.379375,1.0,,81.0,,,
cifar10,dir1,grad_noise,,2,random_excl,,,,0.254125,0.010374999999999995,0.027347611202635902,,,,,
cifar10,dir1,grad_noise,,2,shapleyfl_cgate,shapleyfl,P5h,online,0.532,0.28825,0.7598023064250412,1.0,,,,
cifar10,dir1,grad_noise,,2,shapleyfl_gate_v2,shapleyfl,P1,online,0.6025,0.35875,0.9456342668863262,1.0,111.0,,,
cifar10,dir1,grad_noise,,2,shapleyfl_gatew_v2,shapleyfl,P2,online,0.61,0.36624999999999996,0.9654036243822074,1.0,93.0,,,
cifar10,dir1,grad_noise,,2,shapleyfl_mult,shapleyfl,P3,online,0.467375,0.223625,0.5894563426688633,1.0,,,,
cifar10,dir1,grad_noise,,2,shapleyfl_pweight,shapleyfl,P5s,online,0.54225,0.2985,0.786820428336079,1.0,,,,
cifar10,dir1,grad_noise,,2,shapleyfl_zgate_v2,shapleyfl,P4,online,0.251375,0.007625000000000021,0.02009884678747946,1.0,,,,
cifar10,dir1,grad_noise,,2,t2_csign_comfedsv,comfedsv,P5h,retrain,0.50475,0.261,0.6879736408566721,,,62.0,,False
cifar10,dir1,grad_noise,,2,t2_csign_fedif,fedif,P5h,retrain,0.24375,0.0,0.0,,,100.0,equals_vanilla,
cifar10,dir1,grad_noise,,2,t2_csign_fedsv,fedsv,P5h,retrain,0.621875,0.37812499999999993,0.9967051070840195,,81.0,60.0,,True
cifar10,dir1,grad_noise,,2,t2_csign_flirds,flirds,P5h,retrain,0.616,0.37224999999999997,0.9812191103789125,,80.0,57.0,,False
cifar10,dir1,grad_noise,,2,t2_csign_flirds1st,flirds1st,P5h,retrain,0.24375,0.0,0.0,,,100.0,equals_vanilla,
cifar10,dir1,grad_noise,,2,t2_csign_gtg,gtg,P5h,retrain,0.621875,0.37812499999999993,0.9967051070840195,,81.0,60.0,,False
cifar10,dir1,grad_noise,,2,t2_csign_lossheur,lossheur,P5h,retrain,0.296875,0.053125000000000006,0.14003294892915982,,,86.0,,False
cifar10,dir1,grad_noise,,2,t2_csign_shapleyfl,shapleyfl,P5h,retrain,0.621875,0.37812499999999993,0.9967051070840195,,81.0,60.0,,True
cifar10,dir1,grad_noise,,2,t2_pw_comfedsv,comfedsv,P5s,retrain,0.59225,0.34850000000000003,0.9186161449752883,,87.0,100.0,,False
cifar10,dir1,grad_noise,,2,t2_pw_fedif,fedif,P5s,retrain,0.2315,-0.012249999999999983,-0.03228995057660621,,,100.0,,False
cifar10,dir1,grad_noise,,2,t2_pw_fedsv,fedsv,P5s,retrain,0.60125,0.35749999999999993,0.9423393739703457,,85.0,100.0,,False
cifar10,dir1,grad_noise,,2,t2_pw_flirds,flirds,P5s,retrain,0.574625,0.33087500000000003,0.8721581548599671,,92.0,95.0,,False
cifar10,dir1,grad_noise,,2,t2_pw_flirds1st,flirds1st,P5s,retrain,0.252625,0.008874999999999994,0.02339373970345962,,,100.0,,False
cifar10,dir1,grad_noise,,2,t2_pw_gtg,gtg,P5s,retrain,0.603375,0.359625,0.9479406919275123,,85.0,100.0,,False
cifar10,dir1,grad_noise,,2,t2_pw_lossheur,lossheur,P5s,retrain,0.42725,0.18350000000000002,0.4836902800658979,,,100.0,,False
cifar10,dir1,grad_noise,,2,t2_pw_shapleyfl,shapleyfl,P5s,retrain,0.591875,0.348125,0.9176276771004942,,85.0,92.0,,False
cifar10,dir1,grad_noise,,2,t2_random_k42,,,,0.199625,-0.044125,-0.11630971993410213,,,42.0,,False
cifar10,dir1,grad_noise,,2,t2_random_k57,,,,0.246625,0.0028750000000000164,0.007578253706754573,,,57.0,,False
cifar10,dir1,grad_noise,,2,t2_random_k60,,,,0.196625,-0.047125,-0.12421746293245468,,,60.0,,False
cifar10,dir1,grad_noise,,2,t2_random_k62,,,,0.24525,0.0015000000000000013,0.0039538714991762805,,,62.0,,False
cifar10,dir1,grad_noise,,2,t2_random_k71,,,,0.2375,-0.0062500000000000056,-0.016474464579901166,,,71.0,,False
cifar10,dir1,grad_noise,,2,t2_random_k86,,,,0.255125,0.011374999999999996,0.029983525535420087,,,86.0,,False
cifar10,dir1,grad_noise,,2,t2_sign_comfedsv,comfedsv,P1,retrain,0.623125,0.379375,1.0,,81.0,60.0,,True
cifar10,dir1,grad_noise,,2,t2_sign_fedif,fedif,P1,retrain,0.24375,0.0,0.0,,,100.0,equals_vanilla,
cifar10,dir1,grad_noise,,2,t2_sign_fedsv,fedsv,P1,retrain,0.623125,0.379375,1.0,,81.0,60.0,,True
cifar10,dir1,grad_noise,,2,t2_sign_flirds,flirds,P1,retrain,0.6095,0.36575,0.9640856672158155,,87.0,42.0,,False
cifar10,dir1,grad_noise,,2,t2_sign_flirds1st,flirds1st,P1,retrain,0.24375,0.0,0.0,,,100.0,equals_vanilla,
cifar10,dir1,grad_noise,,2,t2_sign_gtg,gtg,P1,retrain,0.623125,0.379375,1.0,,81.0,60.0,,False
cifar10,dir1,grad_noise,,2,t2_sign_lossheur,lossheur,P1,retrain,0.405875,0.162125,0.42734761120263587,,,71.0,,False
cifar10,dir1,grad_noise,,2,t2_sign_shapleyfl,shapleyfl,P1,retrain,0.623125,0.379375,1.0,,81.0,60.0,,True
cifar10,dir1,grad_noise,,2,t2_signw_comfedsv,comfedsv,P2,retrain,0.61575,0.372,0.9805601317957165,,82.0,60.0,,False
cifar10,dir1,grad_noise,,2,t2_signw_fedif,fedif,P2,retrain,0.602375,0.35862499999999997,0.9453047775947281,,95.0,100.0,,False
cifar10,dir1,grad_noise,,2,t2_signw_fedsv,fedsv,P2,retrain,0.617125,0.373375,0.9841845140032949,,82.0,60.0,,False
cifar10,dir1,grad_noise,,2,t2_signw_flirds,flirds,P2,retrain,0.59725,0.3534999999999999,0.931795716639209,,,42.0,,False
cifar10,dir1,grad_noise,,2,t2_signw_flirds1st,flirds1st,P2,retrain,0.157375,-0.08637500000000001,-0.22767710049423395,,,100.0,,False
cifar10,dir1,grad_noise,,2,t2_signw_gtg,gtg,P2,retrain,0.620625,0.37687499999999996,0.9934102141680394,,82.0,60.0,,False
cifar10,dir1,grad_noise,,2,t2_signw_lossheur,lossheur,P2,retrain,0.580375,0.33662499999999995,0.887314662273476,,102.0,71.0,,False
cifar10,dir1,grad_noise,,2,t2_signw_shapleyfl,shapleyfl,P2,retrain,0.61775,0.374,0.985831960461285,,82.0,60.0,,False
cifar10,dir1,grad_noise,,2,vanilla,,,,0.24375,0.0,0.0,,,,,
cifar10,dir1,label_flip,0.15,0,flirds_gate_v1,flirds,P1v1,online,0.6235,0.0015000000000000568,0.29268292682927677,0.539302227826818,77.0,,,
cifar10,dir1,label_flip,0.15,0,flirds_gate_v2,flirds,P1,online,0.615875,-0.006125000000000047,-1.1951219512195106,0.6048759983186212,79.0,,,
cifar10,dir1,label_flip,0.15,0,flirds_gatew_v1,,,,0.622375,0.0003750000000000142,0.07317073170731919,0.5720891130727197,77.0,,,
cifar10,dir1,label_flip,0.15,0,flirds_gatew_v2,flirds,P2,online,0.59775,-0.024249999999999994,-4.731707317073127,0.4426229508196721,92.0,,,
cifar10,dir1,label_flip,0.15,0,flirds_mult,flirds,P3,online,0.624625,0.0026249999999999885,0.5121951219512126,0.4434636401849517,77.0,,,
cifar10,dir1,label_flip,0.15,0,flirds_zgate_v2,flirds,P4,online,0.61475,-0.007249999999999979,-1.4146341463414465,0.5350987810004204,86.0,,,
cifar10,dir1,label_flip,0.15,0,oracle_excl,,,,0.627125,0.005125000000000046,1.0,,71.0,,,
cifar10,dir1,label_flip,0.15,0,random_excl,,,,0.606625,-0.015375000000000028,-2.9999999999999782,,79.0,,,
cifar10,dir1,label_flip,0.15,0,vanilla,,,,0.622,0.0,0.0,,83.0,,,
cifar10,dir1,label_flip,0.15,1,flirds_gate_v1,flirds,P1v1,online,0.61225,-0.001875000000000071,-0.258620689655183,0.5348557692307692,90.0,,,
cifar10,dir1,label_flip,0.15,1,flirds_gate_v2,flirds,P1,online,0.595125,-0.019000000000000017,-2.620689655172424,0.4795673076923077,102.0,,,
cifar10,dir1,label_flip,0.15,1,flirds_gatew_v1,,,,0.612375,-0.0017500000000000293,-0.24137931034483234,0.5240384615384616,99.0,,,
cifar10,dir1,label_flip,0.15,1,flirds_gatew_v2,flirds,P2,online,0.588125,-0.026000000000000023,-3.586206896551738,0.4318910256410256,110.0,,,
cifar10,dir1,label_flip,0.15,1,flirds_mult,flirds,P3,online,0.6165,0.002375000000000016,0.3275862068965549,0.5556891025641026,87.0,,,
cifar10,dir1,label_flip,0.15,1,flirds_zgate_v2,flirds,P4,online,0.62,0.005874999999999964,0.8103448275862043,0.5877403846153846,84.0,,,
cifar10,dir1,label_flip,0.15,1,oracle_excl,,,,0.621375,0.007249999999999979,1.0,,77.0,,,
cifar10,dir1,label_flip,0.15,1,random_excl,,,,0.596875,-0.017249999999999988,-2.3793103448275916,,111.0,,,
cifar10,dir1,label_flip,0.15,1,vanilla,,,,0.614125,0.0,0.0,,87.0,,,
cifar10,dir1,label_flip,0.15,2,flirds_gate_v1,flirds,P1v1,online,0.61225,-0.003375000000000017,-0.5,0.5547972701726214,90.0,,,
cifar10,dir1,label_flip,0.15,2,flirds_gate_v2,flirds,P1,online,0.58625,-0.02937499999999993,-4.351851851851819,0.5704536330790847,97.0,,,
cifar10,dir1,label_flip,0.15,2,flirds_gatew_v1,,,,0.57325,-0.04237499999999994,-6.277777777777738,0.5640305098354074,91.0,,,
cifar10,dir1,label_flip,0.15,2,flirds_gatew_v2,flirds,P2,online,0.593875,-0.021749999999999936,-3.2222222222221966,0.5150541951023686,107.0,,,
cifar10,dir1,label_flip,0.15,2,flirds_mult,flirds,P3,online,0.610375,-0.005249999999999977,-0.7777777777777705,0.5299076676033722,84.0,,,
cifar10,dir1,label_flip,0.15,2,flirds_zgate_v2,flirds,P4,online,0.609875,-0.005750000000000033,-0.8518518518518524,0.5921316740264954,87.0,,,
cifar10,dir1,label_flip,0.15,2,oracle_excl,,,,0.622375,0.006750000000000034,1.0,,73.0,,,
cifar10,dir1,label_flip,0.15,2,random_excl,,,,0.573625,-0.041999999999999926,-6.222222222222181,,,,,
cifar10,dir1,label_flip,0.15,2,vanilla,,,,0.615625,0.0,0.0,,84.0,,,
cifar10,dir1,label_flip,0.35,0,flirds_gate_v1,flirds,P1v1,online,0.606125,0.00737500000000002,0.2599118942731281,0.7305590584279109,104.0,,,
cifar10,dir1,label_flip,0.35,0,flirds_gate_v2,flirds,P1,online,0.593625,-0.005125000000000046,-0.1806167400881071,0.6603614964270702,98.0,,,
cifar10,dir1,label_flip,0.35,0,flirds_gatew_v1,,,,0.60125,0.0024999999999999467,0.0881057268722447,0.6788566624632197,89.0,,,
cifar10,dir1,label_flip,0.35,0,flirds_gatew_v2,flirds,P2,online,0.58325,-0.015499999999999958,-0.5462555066079273,0.5531736023539302,106.0,,,
cifar10,dir1,label_flip,0.35,0,flirds_mult,flirds,P3,online,0.612375,0.013624999999999998,0.4801762114537438,0.6645649432534678,83.0,,,
cifar10,dir1,label_flip,0.35,0,flirds_zgate_v2,flirds,P4,online,0.60875,0.010000000000000009,0.35242290748898664,0.9092055485498108,99.0,,,
cifar10,dir1,label_flip,0.35,0,oracle_excl,,,,0.627125,0.02837500000000004,1.0,,71.0,,,
cifar10,dir1,label_flip,0.35,0,random_excl,,,,0.58175,-0.017000000000000015,-0.5991189427312772,,,,,
cifar10,dir1,label_flip,0.35,0,vanilla,,,,0.59875,0.0,0.0,,100.0,,,
cifar10,dir1,label_flip,0.35,1,flirds_gate_v1,flirds,P1v1,online,0.57975,0.005124999999999935,0.10962566844919658,0.7844551282051282,,,,
cifar10,dir1,label_flip,0.35,1,flirds_gate_v2,flirds,P1,online,0.5745,-0.00012500000000004174,-0.0026737967914447457,0.6963141025641025,,,,
cifar10,dir1,label_flip,0.35,1,flirds_gatew_v1,,,,0.591375,0.01674999999999993,0.3582887700534748,0.796875,,,,
cifar10,dir1,label_flip,0.35,1,flirds_gatew_v2,flirds,P2,online,0.581125,0.00649999999999995,0.13903743315507927,0.6634615384615384,,,,
cifar10,dir1,label_flip,0.35,1,flirds_mult,flirds,P3,online,0.588125,0.013499999999999956,0.28877005347593515,0.8549679487179487,110.0,,,
cifar10,dir1,label_flip,0.35,1,flirds_zgate_v2,flirds,P4,online,0.581875,0.007249999999999979,0.155080213903743,0.9110576923076923,,,,
cifar10,dir1,label_flip,0.35,1,oracle_excl,,,,0.621375,0.04674999999999996,1.0,,77.0,,,
cifar10,dir1,label_flip,0.35,1,random_excl,,,,0.56875,-0.005875000000000075,-0.12566844919786266,,,,,
cifar10,dir1,label_flip,0.35,1,vanilla,,,,0.574625,0.0,0.0,,113.0,,,
cifar10,dir1,label_flip,0.35,2,flirds_gate_v1,flirds,P1v1,online,0.60475,0.023499999999999965,0.5714285714285711,0.8538739462063428,113.0,,,
cifar10,dir1,label_flip,0.35,2,flirds_gate_v2,flirds,P1,online,0.548625,-0.032625000000000015,-0.7933130699088156,0.6635889201124047,,,,
cifar10,dir1,label_flip,0.35,2,flirds_gatew_v1,,,,0.582375,0.0011249999999999316,0.02735562310030231,0.7655560016057809,95.0,,,
cifar10,dir1,label_flip,0.35,2,flirds_gatew_v2,flirds,P2,online,0.581875,0.0006249999999999867,0.015197568389057439,0.6471296668004818,,,,
cifar10,dir1,label_flip,0.35,2,flirds_mult,flirds,P3,online,0.60025,0.018999999999999906,0.4620060790273537,0.8109193095142513,113.0,,,
cifar10,dir1,label_flip,0.35,2,flirds_zgate_v2,flirds,P4,online,0.5735,-0.007750000000000035,-0.1884498480243171,0.9341629867523082,,,,
cifar10,dir1,label_flip,0.35,2,oracle_excl,,,,0.622375,0.04112499999999997,1.0,,73.0,,,
cifar10,dir1,label_flip,0.35,2,random_excl,,,,0.529,-0.05225000000000002,-1.2705167173252294,,,,,
cifar10,dir1,label_flip,0.35,2,vanilla,,,,0.58125,0.0,0.0,,,,,
cifar10,dir1,label_flip,0.7,0,comfedsv_cgate,comfedsv,P5h,online,0.572125,0.016124999999999945,0.22671353251318027,0.7810004203446826,,,,
cifar10,dir1,label_flip,0.7,0,comfedsv_gate_v2,comfedsv,P1,online,0.521,-0.03500000000000003,-0.4920913884007035,0.510718789407314,,,,
cifar10,dir1,label_flip,0.7,0,comfedsv_gatew_v2,comfedsv,P2,online,0.509,-0.04700000000000004,-0.6608084358523733,0.48507776376628836,,,,
cifar10,dir1,label_flip,0.7,0,comfedsv_mult,comfedsv,P3,online,0.58375,0.02774999999999994,0.3901581722319851,0.8898696931483817,,,,
cifar10,dir1,label_flip,0.7,0,comfedsv_pweight,comfedsv,P5s,online,0.5905,0.034499999999999975,0.4850615114235498,0.921395544346364,,,,
cifar10,dir1,label_flip,0.7,0,comfedsv_zgate_v2,comfedsv,P4,online,0.58175,0.02574999999999994,0.3620386643233735,0.9205548549810845,,,,
cifar10,dir1,label_flip,0.7,0,fedif_cgate,fedif,P5h,online,0.58,0.02399999999999991,0.337434094903338,1.0,118.0,,,
cifar10,dir1,label_flip,0.7,0,fedif_gate_v2,fedif,P1,online,0.582375,0.026374999999999926,0.37082601054481446,0.9634300126103404,118.0,,,
cifar10,dir1,label_flip,0.7,0,fedif_gatew_v2,fedif,P2,online,0.594625,0.03862499999999991,0.5430579964850603,0.912568306010929,100.0,,,
cifar10,dir1,label_flip,0.7,0,fedif_mult,fedif,P3,online,0.596375,0.04037499999999994,0.5676625659050959,0.8705338377469524,,,,
cifar10,dir1,label_flip,0.7,0,fedif_pweight,fedif,P5s,online,0.587875,0.03187499999999999,0.44815465729349724,0.9978982765868012,,,,
cifar10,dir1,label_flip,0.7,0,fedif_zgate_v2,fedif,P4,online,0.572875,0.016874999999999973,0.23725834797891002,1.0,,,,
cifar10,dir1,label_flip,0.7,0,fedsv_cgate,fedsv,P5h,online,0.564125,0.008124999999999938,0.11423550087873376,0.835645229087852,,,,
cifar10,dir1,label_flip,0.7,0,fedsv_gate_v2,fedsv,P1,online,0.52025,-0.03575000000000006,-0.5026362038664333,0.4775115594787726,,,,
cifar10,dir1,label_flip,0.7,0,fedsv_gatew_v2,fedsv,P2,online,0.52375,-0.03225,-0.4534270650263621,0.48213535098780996,,,,
cifar10,dir1,label_flip,0.7,0,fedsv_mult,fedsv,P3,online,0.58525,0.029249999999999998,0.41124780316344467,0.8785203867171081,,,,
cifar10,dir1,label_flip,0.7,0,fedsv_pweight,fedsv,P5s,online,0.587125,0.031124999999999958,0.43760984182776747,0.9041614123581336,,,,
cifar10,dir1,label_flip,0.7,0,fedsv_zgate_v2,fedsv,P4,online,0.568625,0.012624999999999997,0.1775043936731107,0.914249684741488,,,,
cifar10,dir1,label_flip,0.7,0,flirds1st_cgate,flirds1st,P5h,online,0.575875,0.019874999999999976,0.2794376098418275,0.9743589743589745,110.0,,,
cifar10,dir1,label_flip,0.7,0,flirds1st_gate_v2,flirds1st,P1,online,0.573625,0.017625000000000002,0.24780316344463976,0.7902480033627574,,,,
cifar10,dir1,label_flip,0.7,0,flirds1st_gatew_v2,flirds1st,P2,online,0.581125,0.025124999999999953,0.3532513181019326,0.7654476670870113,100.0,,,
cifar10,dir1,label_flip,0.7,0,flirds1st_mult,flirds1st,P3,online,0.5875,0.03149999999999997,0.4428822495606323,0.7381252627154267,,,,
cifar10,dir1,label_flip,0.7,0,flirds1st_pweight,flirds1st,P5s,online,0.589125,0.03312499999999996,0.4657293497363791,0.9907524169819252,,,,
cifar10,dir1,label_flip,0.7,0,flirds1st_zgate_v2,flirds1st,P4,online,0.581875,0.02587499999999998,0.3637961335676623,0.9995796553173603,,,,
cifar10,dir1,label_flip,0.7,0,flirds_cgate,flirds,P5h,online,0.6015,0.045499999999999985,0.6397188049209137,0.7070197562000842,95.0,,,
cifar10,dir1,label_flip,0.7,0,flirds_gate_v1,flirds,P1v1,online,0.6065,0.05049999999999999,0.7100175746924428,0.9924337957124842,100.0,,,
cifar10,dir1,label_flip,0.7,0,flirds_gate_v2,flirds,P1,online,0.564125,0.008124999999999938,0.11423550087873376,0.8083228247162674,108.0,,,
cifar10,dir1,label_flip,0.7,0,flirds_gatew_v1,,,,0.536,-0.020000000000000018,-0.28119507908611624,0.94619588062211,89.0,,,
cifar10,dir1,label_flip,0.7,0,flirds_gatew_v2,flirds,P2,online,0.59375,0.03774999999999995,0.5307557117750433,0.667927700714586,101.0,,,
cifar10,dir1,label_flip,0.7,0,flirds_mult,flirds,P3,online,0.5995,0.04349999999999998,0.6115992970123021,0.8675914249684742,100.0,,,
cifar10,dir1,label_flip,0.7,0,flirds_pweight,flirds,P5s,online,0.604625,0.04862499999999992,0.6836555360281185,0.934005884825557,83.0,,,
cifar10,dir1,label_flip,0.7,0,flirds_zgate_v2,flirds,P4,online,0.588875,0.03287499999999999,0.46221441124780305,0.9899117276166456,,,,
cifar10,dir1,label_flip,0.7,0,gtg_cgate,gtg,P5h,online,0.57325,0.017249999999999988,0.2425307557117749,0.7734342160571669,,,,
cifar10,dir1,label_flip,0.7,0,gtg_gate_v2,gtg,P1,online,0.5555,-0.000500000000000056,-0.007029876977153687,0.4943253467843632,,,,
cifar10,dir1,label_flip,0.7,0,gtg_gatew_v2,gtg,P2,online,0.558875,0.002874999999999961,0.040421792618628626,0.5229087852038672,,,,
cifar10,dir1,label_flip,0.7,0,gtg_mult,gtg,P3,online,0.590875,0.03487499999999999,0.49033391915641467,0.8991172761664564,,,,
cifar10,dir1,label_flip,0.7,0,gtg_pweight,gtg,P5s,online,0.59125,0.035250000000000004,0.4956063268892795,0.8755779739386297,,,,
cifar10,dir1,label_flip,0.7,0,gtg_zgate_v2,gtg,P4,online,0.5555,-0.000500000000000056,-0.007029876977153687,0.8701134930643128,,,,
cifar10,dir1,label_flip,0.7,0,lossheur_cgate,lossheur,P5h,online,0.58825,0.03225,0.4534270650263621,0.8558217738545608,107.0,,,
cifar10,dir1,label_flip,0.7,0,lossheur_gate_v2,lossheur,P1,online,0.578875,0.02287499999999998,0.3216168717047449,0.8558217738545607,,,,
cifar10,dir1,label_flip,0.7,0,lossheur_gatew_v2,lossheur,P2,online,0.578,0.02199999999999991,0.30931458699472636,0.8020176544766708,,,,
cifar10,dir1,label_flip,0.7,0,lossheur_mult,lossheur,P3,online,0.59075,0.03474999999999995,0.48857644991212584,0.8284993694829761,,,,
cifar10,dir1,label_flip,0.7,0,lossheur_pweight,lossheur,P5s,online,0.591,0.03499999999999992,0.49209138840070193,0.9310634720470786,,,,
cifar10,dir1,label_flip,0.7,0,lossheur_zgate_v2,lossheur,P4,online,0.57975,0.023749999999999938,0.3339191564147619,0.987389659520807,,,,
cifar10,dir1,label_flip,0.7,0,observer,,,,0.5585,0.0024999999999999467,0.03514938488576375,,,,,
cifar10,dir1,label_flip,0.7,0,oracle_excl,,,,0.627125,0.071125,1.0,,71.0,,,
cifar10,dir1,label_flip,0.7,0,random_excl,,,,0.559875,0.003874999999999962,0.05448154657293444,,,,,
cifar10,dir1,label_flip,0.7,0,shapleyfl_cgate,shapleyfl,P5h,online,0.592875,0.03687499999999999,0.5184534270650263,0.7091214796132829,,,,
cifar10,dir1,label_flip,0.7,0,shapleyfl_gate_v2,shapleyfl,P1,online,0.54675,-0.009250000000000091,-0.13005272407732996,0.5002101723413198,,,,
cifar10,dir1,label_flip,0.7,0,shapleyfl_gatew_v2,shapleyfl,P2,online,0.546375,-0.009624999999999995,-0.13532513181019326,0.4871794871794872,,,,
cifar10,dir1,label_flip,0.7,0,shapleyfl_mult,shapleyfl,P3,online,0.591,0.03499999999999992,0.49209138840070193,0.9083648591845312,,,,
cifar10,dir1,label_flip,0.7,0,shapleyfl_pweight,shapleyfl,P5s,online,0.593875,0.03787499999999999,0.5325131810193321,0.8940731399747794,,,,
cifar10,dir1,label_flip,0.7,0,shapleyfl_zgate_v2,shapleyfl,P4,online,0.5655,0.009499999999999953,0.13356766256590444,0.8982765868011771,,,,
cifar10,dir1,label_flip,0.7,0,t2_csign_comfedsv,comfedsv,P5h,retrain,0.583125,0.027124999999999955,0.38137082601054423,,104.0,78.0,,False
cifar10,dir1,label_flip,0.7,0,t2_csign_fedif,fedif,P5h,retrain,0.595375,0.03937499999999994,0.5536028119507901,,98.0,73.0,,False
cifar10,dir1,label_flip,0.7,0,t2_csign_fedsv,fedsv,P5h,retrain,0.582125,0.026124999999999954,0.3673110720562384,,,80.0,,False
cifar10,dir1,label_flip,0.7,0,t2_csign_flirds,flirds,P5h,retrain,0.626125,0.07012499999999999,0.9859402460456942,,71.0,61.0,,False
cifar10,dir1,label_flip,0.7,0,t2_csign_flirds1st,flirds1st,P5h,retrain,0.592625,0.03662499999999991,0.5149384885764486,,85.0,73.0,,False
cifar10,dir1,label_flip,0.7,0,t2_csign_gtg,gtg,P5h,retrain,0.598125,0.04212499999999997,0.5922671353251314,,,73.0,,False
cifar10,dir1,label_flip,0.7,0,t2_csign_lossheur,lossheur,P5h,retrain,0.629875,0.07387499999999991,1.0386643233743398,,76.0,63.0,,False
cifar10,dir1,label_flip,0.7,0,t2_csign_shapleyfl,shapleyfl,P5h,retrain,0.594125,0.038124999999999964,0.5360281195079082,,98.0,71.0,,False
cifar10,dir1,label_flip,0.7,0,t2_pw_comfedsv,comfedsv,P5s,retrain,0.604125,0.04812499999999997,0.6766256590509663,,89.0,100.0,,False
cifar10,dir1,label_flip,0.7,0,t2_pw_fedif,fedif,P5s,retrain,0.623375,0.06737499999999996,0.9472759226713529,,83.0,100.0,,False
cifar10,dir1,label_flip,0.7,0,t2_pw_fedsv,fedsv,P5s,retrain,0.600125,0.04412499999999997,0.620386643233743,,89.0,100.0,,False
cifar10,dir1,label_flip,0.7,0,t2_pw_flirds,flirds,P5s,retrain,0.625,0.06899999999999995,0.9701230228470996,,73.0,97.0,,False
cifar10,dir1,label_flip,0.7,0,t2_pw_flirds1st,flirds1st,P5s,retrain,0.620125,0.06412499999999999,0.9015817223198593,,83.0,100.0,,False
cifar10,dir1,label_flip,0.7,0,t2_pw_gtg,gtg,P5s,retrain,0.599375,0.04337499999999994,0.6098418277680133,,83.0,100.0,,False
cifar10,dir1,label_flip,0.7,0,t2_pw_lossheur,lossheur,P5s,retrain,0.63025,0.07424999999999993,1.0439367311072048,,73.0,99.0,,False
cifar10,dir1,label_flip,0.7,0,t2_pw_shapleyfl,shapleyfl,P5s,retrain,0.6075,0.05149999999999999,0.7240773286467486,,83.0,100.0,,False
cifar10,dir1,label_flip,0.7,0,t2_random_k49,,,,0.546375,-0.009624999999999995,-0.13532513181019326,,,49.0,,False
cifar10,dir1,label_flip,0.7,0,t2_random_k50,,,,0.5375,-0.018500000000000072,-0.2601054481546583,,,50.0,,False
cifar10,dir1,label_flip,0.7,0,t2_random_k52,,,,0.497875,-0.05812500000000004,-0.8172231985940253,,,52.0,,False
cifar10,dir1,label_flip,0.7,0,t2_random_k53,,,,0.5215,-0.034500000000000086,-0.48506151142355136,,,53.0,,False
cifar10,dir1,label_flip,0.7,0,t2_random_k60,,,,0.5545,-0.0015000000000000568,-0.0210896309314595,,,60.0,,False
cifar10,dir1,label_flip,0.7,0,t2_random_k61,,,,0.5235,-0.032500000000000084,-0.4569420035149397,,,61.0,,False
cifar10,dir1,label_flip,0.7,0,t2_random_k63,,,,0.543,-0.013000000000000012,-0.18277680140597558,,,63.0,,False
cifar10,dir1,label_flip,0.7,0,t2_random_k71,,,,0.464,-0.09200000000000003,-1.293497363796134,,,71.0,,False
cifar10,dir1,label_flip,0.7,0,t2_random_k73,,,,0.540625,-0.015375000000000028,-0.21616871704745208,,,73.0,,False
cifar10,dir1,label_flip,0.7,0,t2_random_k78,,,,0.55275,-0.003250000000000086,-0.045694200351495066,,,78.0,,False
cifar10,dir1,label_flip,0.7,0,t2_random_k80,,,,0.55275,-0.003250000000000086,-0.045694200351495066,,,80.0,,False
cifar10,dir1,label_flip,0.7,0,t2_sign_comfedsv,comfedsv,P1,retrain,0.60375,0.04774999999999996,0.6713532513181014,,86.0,52.0,,False
cifar10,dir1,label_flip,0.7,0,t2_sign_fedif,fedif,P1,retrain,0.627125,0.071125,1.0,,71.0,61.0,,True
cifar10,dir1,label_flip,0.7,0,t2_sign_fedsv,fedsv,P1,retrain,0.59825,0.0422499999999999,0.5940246045694186,,95.0,49.0,,False
cifar10,dir1,label_flip,0.7,0,t2_sign_flirds,flirds,P1,retrain,0.62525,0.06924999999999992,0.9736379613356756,,76.0,60.0,,False
cifar10,dir1,label_flip,0.7,0,t2_sign_flirds1st,flirds1st,P1,retrain,0.627125,0.071125,1.0,,71.0,61.0,,False
cifar10,dir1,label_flip,0.7,0,t2_sign_gtg,gtg,P1,retrain,0.6155,0.0595,0.8365553602811951,,77.0,53.0,,False
cifar10,dir1,label_flip,0.7,0,t2_sign_lossheur,lossheur,P1,retrain,0.627125,0.071125,1.0,,71.0,61.0,,True
cifar10,dir1,label_flip,0.7,0,t2_sign_shapleyfl,shapleyfl,P1,retrain,0.610375,0.05437499999999995,0.7644991212653772,,81.0,50.0,,False
cifar10,dir1,label_flip,0.7,0,t2_signw_comfedsv,comfedsv,P2,retrain,0.600625,0.044624999999999915,0.6274165202108951,,81.0,52.0,,False
cifar10,dir1,label_flip,0.7,0,t2_signw_fedif,fedif,P2,retrain,0.6235,0.0675,0.9490333919156416,,76.0,61.0,,False
cifar10,dir1,label_flip,0.7,0,t2_signw_fedsv,fedsv,P2,retrain,0.592875,0.03687499999999999,0.5184534270650263,,93.0,49.0,,False
cifar10,dir1,label_flip,0.7,0,t2_signw_flirds,flirds,P2,retrain,0.618875,0.0628749999999999,0.8840070298769759,,79.0,60.0,,False
cifar10,dir1,label_flip,0.7,0,t2_signw_flirds1st,flirds1st,P2,retrain,0.6195,0.0635,0.8927943760984184,,76.0,61.0,,False
cifar10,dir1,label_flip,0.7,0,t2_signw_gtg,gtg,P2,retrain,0.597,0.040999999999999925,0.5764499121265367,,86.0,53.0,,False
cifar10,dir1,label_flip,0.7,0,t2_signw_lossheur,lossheur,P2,retrain,0.612375,0.05637499999999995,0.7926186291739888,,73.0,61.0,,False
cifar10,dir1,label_flip,0.7,0,t2_signw_shapleyfl,shapleyfl,P2,retrain,0.61175,0.055749999999999966,0.7838312829525479,,85.0,50.0,,False
cifar10,dir1,label_flip,0.7,0,vanilla,,,,0.556,0.0,0.0,,,,,
cifar10,dir1,label_flip,0.7,1,comfedsv_cgate,comfedsv,P5h,online,0.524625,0.025500000000000023,0.20858895705521488,0.8040865384615384,,,,
cifar10,dir1,label_flip,0.7,1,comfedsv_gate_v2,comfedsv,P1,online,0.485,-0.014124999999999999,-0.11554192229038851,0.43509615384615385,,,,
cifar10,dir1,label_flip,0.7,1,comfedsv_gatew_v2,comfedsv,P2,online,0.49875,-0.0003749999999999587,-0.0030674846625763485,0.48157051282051283,,,,
cifar10,dir1,label_flip,0.7,1,comfedsv_mult,comfedsv,P3,online,0.544125,0.044999999999999984,0.36809815950920227,0.8790064102564102,,,,
cifar10,dir1,label_flip,0.7,1,comfedsv_pweight,comfedsv,P5s,online,0.561125,0.062,0.5071574642126788,0.8505608974358974,,,,
cifar10,dir1,label_flip,0.7,1,comfedsv_zgate_v2,comfedsv,P4,online,0.49925,0.00012500000000004174,0.0010224948875259036,0.8561698717948718,,,,
cifar10,dir1,label_flip,0.7,1,fedif_cgate,fedif,P5h,online,0.505125,0.006000000000000061,0.04907975460122748,0.998798076923077,,,,
cifar10,dir1,label_flip,0.7,1,fedif_gate_v2,fedif,P1,online,0.565625,0.06650000000000006,0.5439672801635995,0.9459134615384615,,,,
cifar10,dir1,label_flip,0.7,1,fedif_gatew_v2,fedif,P2,online,0.572375,0.07324999999999998,0.5991820040899792,0.9226762820512819,,,,
cifar10,dir1,label_flip,0.7,1,fedif_mult,fedif,P3,online,0.567375,0.06824999999999998,0.5582822085889567,0.9094551282051282,,,,
cifar10,dir1,label_flip,0.7,1,fedif_pweight,fedif,P5s,online,0.55475,0.05562499999999998,0.455010224948875,0.9959935897435898,,,,
cifar10,dir1,label_flip,0.7,1,fedif_zgate_v2,fedif,P4,online,0.49325,-0.005874999999999964,-0.048057259713701124,1.0,,,,
cifar10,dir1,label_flip,0.7,1,fedsv_cgate,fedsv,P5h,online,0.5535,0.05437500000000001,0.4447852760736196,0.7772435897435898,,,,
cifar10,dir1,label_flip,0.7,1,fedsv_gate_v2,fedsv,P1,online,0.506875,0.007749999999999979,0.06339468302658469,0.46153846153846156,,,,
cifar10,dir1,label_flip,0.7,1,fedsv_gatew_v2,fedsv,P2,online,0.51875,0.01962500000000006,0.16053169734151373,0.42668269230769235,,,,
cifar10,dir1,label_flip,0.7,1,fedsv_mult,fedsv,P3,online,0.54375,0.04462499999999997,0.36503067484662544,0.8709935897435896,,,,
cifar10,dir1,label_flip,0.7,1,fedsv_pweight,fedsv,P5s,online,0.55875,0.059624999999999984,0.487730061349693,0.844551282051282,,,,
cifar10,dir1,label_flip,0.7,1,fedsv_zgate_v2,fedsv,P4,online,0.494625,-0.004500000000000004,-0.03680981595092027,0.8365384615384615,,,,
cifar10,dir1,label_flip,0.7,1,flirds1st_cgate,flirds1st,P5h,online,0.52625,0.02712500000000001,0.22188139059304707,0.9959935897435898,,,,
cifar10,dir1,label_flip,0.7,1,flirds1st_gate_v2,flirds1st,P1,online,0.56275,0.06362499999999999,0.520449897750511,0.8990384615384615,,,,
cifar10,dir1,label_flip,0.7,1,flirds1st_gatew_v2,flirds1st,P2,online,0.560125,0.061,0.49897750511247435,0.9018429487179487,,,,
cifar10,dir1,label_flip,0.7,1,flirds1st_mult,flirds1st,P3,online,0.53525,0.03612500000000002,0.29550102249488763,0.8377403846153846,,,,
cifar10,dir1,label_flip,0.7,1,flirds1st_pweight,flirds1st,P5s,online,0.55075,0.051624999999999976,0.422290388548057,0.9935897435897435,,,,
cifar10,dir1,label_flip,0.7,1,flirds1st_zgate_v2,flirds1st,P4,online,0.5035,0.004374999999999962,0.03578732106339437,1.0,,,,
cifar10,dir1,label_flip,0.7,1,flirds_cgate,flirds,P5h,online,0.587875,0.08875000000000005,0.7259713701431495,0.8120993589743589,,,,
cifar10,dir1,label_flip,0.7,1,flirds_gate_v1,flirds,P1v1,online,0.5525,0.053375000000000006,0.4366053169734151,0.9731570512820513,,,,
cifar10,dir1,label_flip,0.7,1,flirds_gate_v2,flirds,P1,online,0.569,0.06987499999999996,0.571574642126789,0.8293269230769231,,,,
cifar10,dir1,label_flip,0.7,1,flirds_gatew_v1,,,,0.541,0.04187500000000005,0.34253578732106377,0.9567307692307692,,,,
cifar10,dir1,label_flip,0.7,1,flirds_gatew_v2,flirds,P2,online,0.578375,0.07924999999999999,0.6482617586912063,0.7824519230769231,,,,
cifar10,dir1,label_flip,0.7,1,flirds_mult,flirds,P3,online,0.5755,0.07637500000000003,0.6247443762781187,0.9338942307692307,,,,
cifar10,dir1,label_flip,0.7,1,flirds_pweight,flirds,P5s,online,0.5905,0.09137500000000004,0.7474437627811863,0.938301282051282,113.0,,,
cifar10,dir1,label_flip,0.7,1,flirds_zgate_v2,flirds,P4,online,0.496375,-0.0027499999999999747,-0.02249488752556216,0.984375,,,,
cifar10,dir1,label_flip,0.7,1,gtg_cgate,gtg,P5h,online,0.52575,0.026625000000000065,0.21779141104294528,0.8473557692307693,,,,
cifar10,dir1,label_flip,0.7,1,gtg_gate_v2,gtg,P1,online,0.534625,0.03550000000000003,0.2903885480572599,0.5552884615384616,,,,
cifar10,dir1,label_flip,0.7,1,gtg_gatew_v2,gtg,P2,online,0.53875,0.039624999999999966,0.3241308793456029,0.4667467948717949,,,,
cifar10,dir1,label_flip,0.7,1,gtg_mult,gtg,P3,online,0.55725,0.05812500000000004,0.4754601226993867,0.9282852564102565,,,,
cifar10,dir1,label_flip,0.7,1,gtg_pweight,gtg,P5s,online,0.560375,0.06124999999999997,0.5010224948875253,0.8778044871794871,,,,
cifar10,dir1,label_flip,0.7,1,gtg_zgate_v2,gtg,P4,online,0.49425,-0.004874999999999963,-0.03987730061349662,0.8802083333333334,,,,
cifar10,dir1,label_flip,0.7,1,lossheur_cgate,lossheur,P5h,online,0.575,0.07587499999999997,0.620654396728016,0.8934294871794872,,,,
cifar10,dir1,label_flip,0.7,1,lossheur_gate_v2,lossheur,P1,online,0.53625,0.03712500000000002,0.3036809815950921,0.8541666666666666,,,,
cifar10,dir1,label_flip,0.7,1,lossheur_gatew_v2,lossheur,P2,online,0.549875,0.05075000000000002,0.4151329243353784,0.8677884615384616,,,,
cifar10,dir1,label_flip,0.7,1,lossheur_mult,lossheur,P3,online,0.556625,0.05750000000000005,0.470347648261759,0.8934294871794872,,,,
cifar10,dir1,label_flip,0.7,1,lossheur_pweight,lossheur,P5s,online,0.570125,0.07100000000000001,0.5807770961145193,0.9471153846153847,,,,
cifar10,dir1,label_flip,0.7,1,lossheur_zgate_v2,lossheur,P4,online,0.4805,-0.018625000000000003,-0.1523517382413088,0.999198717948718,,,,
cifar10,dir1,label_flip,0.7,1,observer,,,,0.4985,-0.0006249999999999867,-0.005112474437627702,,,,,
cifar10,dir1,label_flip,0.7,1,oracle_excl,,,,0.621375,0.12225000000000003,1.0,,77.0,,,
cifar10,dir1,label_flip,0.7,1,random_excl,,,,0.507125,0.008000000000000063,0.06543967280163648,,,,,
cifar10,dir1,label_flip,0.7,1,shapleyfl_cgate,shapleyfl,P5h,online,0.536125,0.03699999999999998,0.30265848670756623,0.735977564102564,,,,
cifar10,dir1,label_flip,0.7,1,shapleyfl_gate_v2,shapleyfl,P1,online,0.51675,0.017625000000000057,0.14417177914110474,0.5216346153846153,,,,
cifar10,dir1,label_flip,0.7,1,shapleyfl_gatew_v2,shapleyfl,P2,online,0.525,0.025875000000000037,0.21165644171779166,0.44190705128205127,,,,
cifar10,dir1,label_flip,0.7,1,shapleyfl_mult,shapleyfl,P3,online,0.56025,0.06112500000000004,0.5000000000000002,0.9230769230769231,,,,
cifar10,dir1,label_flip,0.7,1,shapleyfl_pweight,shapleyfl,P5s,online,0.569625,0.07050000000000006,0.5766871165644176,0.8649839743589743,,,,
cifar10,dir1,label_flip,0.7,1,shapleyfl_zgate_v2,shapleyfl,P4,online,0.48425,-0.014874999999999972,-0.12167689161554167,0.871394230769231,,,,
cifar10,dir1,label_flip,0.7,1,t2_csign_comfedsv,comfedsv,P5h,retrain,0.541,0.04187500000000005,0.34253578732106377,,,74.0,,False
cifar10,dir1,label_flip,0.7,1,t2_csign_fedif,fedif,P5h,retrain,0.61175,0.11262500000000003,0.9212678936605317,,97.0,57.0,,False
cifar10,dir1,label_flip,0.7,1,t2_csign_fedsv,fedsv,P5h,retrain,0.542375,0.043250000000000066,0.3537832310838451,,,74.0,,False
cifar10,dir1,label_flip,0.7,1,t2_csign_flirds,flirds,P5h,retrain,0.614875,0.11574999999999996,0.9468302658486702,,80.0,52.0,,False
cifar10,dir1,label_flip,0.7,1,t2_csign_flirds1st,flirds1st,P5h,retrain,0.604625,0.10549999999999998,0.8629856850715744,,92.0,60.0,,False
cifar10,dir1,label_flip,0.7,1,t2_csign_gtg,gtg,P5h,retrain,0.56725,0.06812500000000005,0.5572597137014318,,,71.0,,False
cifar10,dir1,label_flip,0.7,1,t2_csign_lossheur,lossheur,P5h,retrain,0.613375,0.11425000000000002,0.934560327198364,,87.0,55.0,,False
cifar10,dir1,label_flip,0.7,1,t2_csign_shapleyfl,shapleyfl,P5h,retrain,0.582625,0.08349999999999996,0.6830265848670752,,,64.0,,False
cifar10,dir1,label_flip,0.7,1,t2_pw_comfedsv,comfedsv,P5s,retrain,0.578375,0.07924999999999999,0.6482617586912063,,,100.0,,False
cifar10,dir1,label_flip,0.7,1,t2_pw_fedif,fedif,P5s,retrain,0.590125,0.09100000000000003,0.7443762781186095,,98.0,98.0,,False
cifar10,dir1,label_flip,0.7,1,t2_pw_fedsv,fedsv,P5s,retrain,0.575625,0.07650000000000007,0.6257668711656446,,,100.0,,False
cifar10,dir1,label_flip,0.7,1,t2_pw_flirds,flirds,P5s,retrain,0.610125,0.11100000000000004,0.9079754601226996,,88.0,93.0,,False
cifar10,dir1,label_flip,0.7,1,t2_pw_flirds1st,flirds1st,P5s,retrain,0.607125,0.10800000000000004,0.883435582822086,,99.0,99.0,,False
cifar10,dir1,label_flip,0.7,1,t2_pw_gtg,gtg,P5s,retrain,0.57925,0.08012500000000006,0.6554192229038858,,,100.0,,False
cifar10,dir1,label_flip,0.7,1,t2_pw_lossheur,lossheur,P5s,retrain,0.60175,0.10262500000000002,0.8394683026584867,,95.0,96.0,,False
cifar10,dir1,label_flip,0.7,1,t2_pw_shapleyfl,shapleyfl,P5s,retrain,0.58225,0.08312500000000006,0.6799591002044993,,,100.0,,False
cifar10,dir1,label_flip,0.7,1,t2_random_k46,,,,0.4745,-0.024625000000000008,-0.2014314928425358,,,46.0,,False
cifar10,dir1,label_flip,0.7,1,t2_random_k49,,,,0.521125,0.021999999999999964,0.17995910020449865,,,49.0,,False
cifar10,dir1,label_flip,0.7,1,t2_random_k50,,,,0.3695,-0.129625,-1.060327198364008,,,50.0,,False
cifar10,dir1,label_flip,0.7,1,t2_random_k51,,,,0.492,-0.0071249999999999925,-0.05828220858895698,,,51.0,,False
cifar10,dir1,label_flip,0.7,1,t2_random_k52,,,,0.480875,-0.01824999999999999,-0.14928425357873198,,,52.0,,False
cifar10,dir1,label_flip,0.7,1,t2_random_k53,,,,0.4665,-0.03262499999999996,-0.2668711656441714,,,53.0,,False
cifar10,dir1,label_flip,0.7,1,t2_random_k55,,,,0.529875,0.03075,0.2515337423312883,,,55.0,,False
cifar10,dir1,label_flip,0.7,1,t2_random_k57,,,,0.500625,0.0015000000000000013,0.012269938650306757,,,57.0,,False
cifar10,dir1,label_flip,0.7,1,t2_random_k60,,,,0.5005,0.0013749999999999596,0.011247443762780853,,,60.0,,False
cifar10,dir1,label_flip,0.7,1,t2_random_k64,,,,0.5145,0.015374999999999972,0.12576687116564392,,,64.0,,False
cifar10,dir1,label_flip,0.7,1,t2_random_k71,,,,0.459125,-0.03999999999999998,-0.32719836400817975,,,71.0,,False
cifar10,dir1,label_flip,0.7,1,t2_random_k74,,,,0.484375,-0.014749999999999985,-0.12065439672801621,,,74.0,,False
cifar10,dir1,label_flip,0.7,1,t2_sign_comfedsv,comfedsv,P1,retrain,0.584625,0.08549999999999996,0.6993865030674842,,,50.0,,False
cifar10,dir1,label_flip,0.7,1,t2_sign_fedif,fedif,P1,retrain,0.6155,0.11637500000000006,0.9519427402862989,,91.0,53.0,,False
cifar10,dir1,label_flip,0.7,1,t2_sign_fedsv,fedsv,P1,retrain,0.593875,0.09475000000000006,0.7750511247443765,,,49.0,,False
cifar10,dir1,label_flip,0.7,1,t2_sign_flirds,flirds,P1,retrain,0.610125,0.11100000000000004,0.9079754601226996,,77.0,49.0,,False
cifar10,dir1,label_flip,0.7,1,t2_sign_flirds1st,flirds1st,P1,retrain,0.621375,0.12225000000000003,1.0,,77.0,52.0,,False
cifar10,dir1,label_flip,0.7,1,t2_sign_gtg,gtg,P1,retrain,0.587125,0.08800000000000002,0.7198364008179959,,,49.0,,False
cifar10,dir1,label_flip,0.7,1,t2_sign_lossheur,lossheur,P1,retrain,0.612,0.112875,0.9233128834355827,,77.0,51.0,,False
cifar10,dir1,label_flip,0.7,1,t2_sign_shapleyfl,shapleyfl,P1,retrain,0.597375,0.09825,0.8036809815950919,,97.0,46.0,,False
cifar10,dir1,label_flip,0.7,1,t2_signw_comfedsv,comfedsv,P2,retrain,0.599,0.09987499999999999,0.8169734151329241,,104.0,50.0,,False
cifar10,dir1,label_flip,0.7,1,t2_signw_fedif,fedif,P2,retrain,0.61675,0.11762500000000004,0.9621676891615543,,87.0,53.0,,False
cifar10,dir1,label_flip,0.7,1,t2_signw_fedsv,fedsv,P2,retrain,0.599,0.09987499999999999,0.8169734151329241,,108.0,49.0,,False
cifar10,dir1,label_flip,0.7,1,t2_signw_flirds,flirds,P2,retrain,0.60325,0.10412499999999997,0.851738241308793,,91.0,49.0,,False
cifar10,dir1,label_flip,0.7,1,t2_signw_flirds1st,flirds1st,P2,retrain,0.608875,0.10975000000000007,0.8977505112474441,,77.0,52.0,,False
cifar10,dir1,label_flip,0.7,1,t2_signw_gtg,gtg,P2,retrain,0.58775,0.08862500000000001,0.7249488752556237,,,49.0,,False
cifar10,dir1,label_flip,0.7,1,t2_signw_lossheur,lossheur,P2,retrain,0.605375,0.10625000000000001,0.8691206543967279,,89.0,51.0,,False
cifar10,dir1,label_flip,0.7,1,t2_signw_shapleyfl,shapleyfl,P2,retrain,0.598375,0.09925,0.8118609406952964,,88.0,46.0,,False
cifar10,dir1,label_flip,0.7,1,vanilla,,,,0.499125,0.0,0.0,,,,,
cifar10,dir1,label_flip,0.7,2,comfedsv_cgate,comfedsv,P5h,online,0.561875,0.04300000000000004,0.41545893719806787,0.6997189883580891,,,,
cifar10,dir1,label_flip,0.7,2,comfedsv_gate_v2,comfedsv,P1,online,0.53975,0.020874999999999977,0.20169082125603835,0.5170614211160176,,,,
cifar10,dir1,label_flip,0.7,2,comfedsv_gatew_v2,comfedsv,P2,online,0.527625,0.008750000000000036,0.08454106280193269,0.525491770373344,,,,
cifar10,dir1,label_flip,0.7,2,comfedsv_mult,comfedsv,P3,online,0.55525,0.036375000000000046,0.3514492753623192,0.8594941790445604,,,,
cifar10,dir1,label_flip,0.7,2,comfedsv_pweight,comfedsv,P5s,online,0.57175,0.052875000000000005,0.5108695652173911,0.8711360899237254,,,,
cifar10,dir1,label_flip,0.7,2,comfedsv_zgate_v2,comfedsv,P4,online,0.49725,-0.02162499999999995,-0.20893719806763228,0.8522681653954236,,,,
cifar10,dir1,label_flip,0.7,2,fedif_cgate,fedif,P5h,online,0.581625,0.06274999999999997,0.6062801932367144,1.0,,,,
cifar10,dir1,label_flip,0.7,2,fedif_gate_v2,fedif,P1,online,0.57025,0.05137500000000006,0.4963768115942033,0.9518265756724207,,,,
cifar10,dir1,label_flip,0.7,2,fedif_gatew_v2,fedif,P2,online,0.57625,0.057375000000000065,0.554347826086957,0.9482135688478522,,,,
cifar10,dir1,label_flip,0.7,2,fedif_mult,fedif,P3,online,0.5645,0.04562500000000003,0.44082125603864747,0.8944199116820554,,,,
cifar10,dir1,label_flip,0.7,2,fedif_pweight,fedif,P5s,online,0.56525,0.046375000000000055,0.4480676328502419,0.9951826575672421,,,,
cifar10,dir1,label_flip,0.7,2,fedif_zgate_v2,fedif,P4,online,0.51,-0.008874999999999966,-0.08574879227053105,1.0,,,,
cifar10,dir1,label_flip,0.7,2,fedsv_cgate,fedsv,P5h,online,0.544625,0.02575000000000005,0.24879227053140138,0.7242071457246085,,,,
cifar10,dir1,label_flip,0.7,2,fedsv_gate_v2,fedsv,P1,online,0.522125,0.003249999999999975,0.03140096618357463,0.5439582496989162,,,,
cifar10,dir1,label_flip,0.7,2,fedsv_gatew_v2,fedsv,P2,online,0.51875,-0.00012499999999993072,-0.001207729468598364,0.4749096748293858,,,,
cifar10,dir1,label_flip,0.7,2,fedsv_mult,fedsv,P3,online,0.557125,0.038250000000000006,0.36956521739130427,0.8615014050582096,,,,
cifar10,dir1,label_flip,0.7,2,fedsv_pweight,fedsv,P5s,online,0.570625,0.051750000000000074,0.5000000000000006,0.8783621035728623,,,,
cifar10,dir1,label_flip,0.7,2,fedsv_zgate_v2,fedsv,P4,online,0.495125,-0.023749999999999993,-0.22946859903381628,0.8342031312725813,,,,
cifar10,dir1,label_flip,0.7,2,flirds1st_cgate,flirds1st,P5h,online,0.5775,0.05862500000000004,0.566425120772947,0.9879566439181052,,,,
cifar10,dir1,label_flip,0.7,2,flirds1st_gate_v2,flirds1st,P1,online,0.578625,0.05974999999999997,0.5772946859903376,0.8651144118827779,,,,
cifar10,dir1,label_flip,0.7,2,flirds1st_gatew_v2,flirds1st,P2,online,0.543375,0.024500000000000077,0.2367149758454113,0.9004415897230028,,,,
cifar10,dir1,label_flip,0.7,2,flirds1st_mult,flirds1st,P3,online,0.553125,0.03425,0.3309178743961352,0.8759534323564833,,,,
cifar10,dir1,label_flip,0.7,2,flirds1st_pweight,flirds1st,P5s,online,0.564125,0.04525000000000001,0.4371980676328502,0.988358089120835,,,,
cifar10,dir1,label_flip,0.7,2,flirds1st_zgate_v2,flirds1st,P4,online,0.53425,0.015375000000000028,0.14855072463768138,1.0,,,,
cifar10,dir1,label_flip,0.7,2,flirds_cgate,flirds,P5h,online,0.589125,0.07025000000000003,0.6787439613526571,0.7567242071457246,,,,
cifar10,dir1,label_flip,0.7,2,flirds_gate_v1,flirds,P1v1,online,0.587,0.06812499999999999,0.6582125603864731,0.9975913287836211,,,,
cifar10,dir1,label_flip,0.7,2,flirds_gate_v2,flirds,P1,online,0.5805,0.06162500000000004,0.5954106280193239,0.7539140907266157,,,,
cifar10,dir1,label_flip,0.7,2,flirds_gatew_v1,,,,0.566875,0.04800000000000004,0.4637681159420292,0.9735046166198315,,,,
cifar10,dir1,label_flip,0.7,2,flirds_gatew_v2,flirds,P2,online,0.570875,0.052000000000000046,0.5024154589371983,0.7145724608590928,,,,
cifar10,dir1,label_flip,0.7,2,flirds_mult,flirds,P3,online,0.585875,0.06700000000000006,0.6473429951690824,0.9706945002007227,,,,
cifar10,dir1,label_flip,0.7,2,flirds_pweight,flirds,P5s,online,0.594375,0.07550000000000001,0.7294685990338163,0.9747089522280209,113.0,,,
cifar10,dir1,label_flip,0.7,2,flirds_zgate_v2,flirds,P4,online,0.5165,-0.002375000000000016,-0.02294685990338179,1.0,,,,
cifar10,dir1,label_flip,0.7,2,gtg_cgate,gtg,P5h,online,0.56875,0.049875,0.48188405797101436,0.7406663990365314,,,,
cifar10,dir1,label_flip,0.7,2,gtg_gate_v2,gtg,P1,online,0.5535,0.03462500000000002,0.3345410628019324,0.47691690084303495,,,,
cifar10,dir1,label_flip,0.7,2,gtg_gatew_v2,gtg,P2,online,0.543625,0.02475000000000005,0.2391304347826091,0.5002007226013649,,,,
cifar10,dir1,label_flip,0.7,2,gtg_mult,gtg,P3,online,0.5625,0.043625000000000025,0.4214975845410629,0.9028502609393818,,,,
cifar10,dir1,label_flip,0.7,2,gtg_pweight,gtg,P5s,online,0.568375,0.04949999999999999,0.47826086956521713,0.8707346447209956,,,,
cifar10,dir1,label_flip,0.7,2,gtg_zgate_v2,gtg,P4,online,0.521875,0.0030000000000000027,0.028985507246376826,0.8301886792452831,,,,
cifar10,dir1,label_flip,0.7,2,lossheur_cgate,lossheur,P5h,online,0.587125,0.06825000000000003,0.6594202898550725,0.9313528703331996,,,,
cifar10,dir1,label_flip,0.7,2,lossheur_gate_v2,lossheur,P1,online,0.585875,0.06700000000000006,0.6473429951690824,0.876756322761943,,,,
cifar10,dir1,label_flip,0.7,2,lossheur_gatew_v2,lossheur,P2,online,0.559875,0.041000000000000036,0.3961352657004833,0.8502609393817744,,,,
cifar10,dir1,label_flip,0.7,2,lossheur_mult,lossheur,P3,online,0.5605,0.04162500000000002,0.4021739130434783,0.9116820553994379,,,,
cifar10,dir1,label_flip,0.7,2,lossheur_pweight,lossheur,P5s,online,0.57025,0.05137500000000006,0.4963768115942033,0.960658370132477,,,,
cifar10,dir1,label_flip,0.7,2,lossheur_zgate_v2,lossheur,P4,online,0.5135,-0.005375000000000019,-0.051932367149758615,1.0,,,,
cifar10,dir1,label_flip,0.7,2,observer,,,,0.518875,0.0,0.0,,,,,
cifar10,dir1,label_flip,0.7,2,oracle_excl,,,,0.622375,0.10350000000000004,1.0,,73.0,,,
cifar10,dir1,label_flip,0.7,2,random_excl,,,,0.4385,-0.08037499999999997,-0.7765700483091782,,,,,
cifar10,dir1,label_flip,0.7,2,shapleyfl_cgate,shapleyfl,P5h,online,0.550875,0.03200000000000003,0.3091787439613528,0.7282215977519068,,,,
cifar10,dir1,label_flip,0.7,2,shapleyfl_gate_v2,shapleyfl,P1,online,0.519875,0.0010000000000000009,0.009661835748792275,0.4480128462464873,,,,
cifar10,dir1,label_flip,0.7,2,shapleyfl_gatew_v2,shapleyfl,P2,online,0.519625,0.0007500000000000284,0.007246376811594475,0.4548374146928944,,,,
cifar10,dir1,label_flip,0.7,2,shapleyfl_mult,shapleyfl,P3,online,0.56675,0.047875,0.4625603864734298,0.9076676033721398,,,,
cifar10,dir1,label_flip,0.7,2,shapleyfl_pweight,shapleyfl,P5s,online,0.5675,0.04862500000000003,0.4698067632850243,0.8462464873544762,,,,
cifar10,dir1,label_flip,0.7,2,shapleyfl_zgate_v2,shapleyfl,P4,online,0.4865,-0.03237499999999999,-0.31280193236714954,0.8422320353271778,,,,
cifar10,dir1,label_flip,0.7,2,t2_csign_comfedsv,comfedsv,P5h,retrain,0.550375,0.03149999999999997,0.30434782608695615,,,76.0,,False
cifar10,dir1,label_flip,0.7,2,t2_csign_fedif,fedif,P5h,retrain,0.6025,0.08362500000000006,0.8079710144927539,,104.0,58.0,,False
cifar10,dir1,label_flip,0.7,2,t2_csign_fedsv,fedsv,P5h,retrain,0.57275,0.053875000000000006,0.5205314009661834,,,74.0,,False
cifar10,dir1,label_flip,0.7,2,t2_csign_flirds,flirds,P5h,retrain,0.622,0.10312500000000002,0.9963768115942028,,73.0,53.0,,False
cifar10,dir1,label_flip,0.7,2,t2_csign_flirds1st,flirds1st,P5h,retrain,0.6055,0.08662500000000006,0.8369565217391307,,87.0,55.0,,False
cifar10,dir1,label_flip,0.7,2,t2_csign_gtg,gtg,P5h,retrain,0.589625,0.07074999999999998,0.6835748792270527,,,57.0,,False
cifar10,dir1,label_flip,0.7,2,t2_csign_lossheur,lossheur,P5h,retrain,0.6185,0.09962500000000007,0.9625603864734303,,81.0,54.0,,False
cifar10,dir1,label_flip,0.7,2,t2_csign_shapleyfl,shapleyfl,P5h,retrain,0.58275,0.06387500000000002,0.6171497584541062,,,56.0,,False
cifar10,dir1,label_flip,0.7,2,t2_pw_comfedsv,comfedsv,P5s,retrain,0.582625,0.06374999999999997,0.6159420289855068,,,100.0,,False
cifar10,dir1,label_flip,0.7,2,t2_pw_fedif,fedif,P5s,retrain,0.605375,0.08650000000000002,0.8357487922705313,,84.0,97.0,,False
cifar10,dir1,label_flip,0.7,2,t2_pw_fedsv,fedsv,P5s,retrain,0.583625,0.06474999999999997,0.6256038647342991,,,100.0,,False
cifar10,dir1,label_flip,0.7,2,t2_pw_flirds,flirds,P5s,retrain,0.621125,0.10225000000000006,0.9879227053140099,,91.0,91.0,,False
cifar10,dir1,label_flip,0.7,2,t2_pw_flirds1st,flirds1st,P5s,retrain,0.6045,0.08562500000000006,0.8272946859903385,,86.0,97.0,,False
cifar10,dir1,label_flip,0.7,2,t2_pw_gtg,gtg,P5s,retrain,0.5795,0.06062500000000004,0.5857487922705316,,,100.0,,False
cifar10,dir1,label_flip,0.7,2,t2_pw_lossheur,lossheur,P5s,retrain,0.598875,0.08000000000000007,0.7729468599033821,,86.0,93.0,,False
cifar10,dir1,label_flip,0.7,2,t2_pw_shapleyfl,shapleyfl,P5s,retrain,0.5825,0.06362500000000004,0.6147342995169084,,113.0,99.0,,False
cifar10,dir1,label_flip,0.7,2,t2_random_k43,,,,0.476375,-0.04249999999999998,-0.41062801932367116,,,43.0,,False
cifar10,dir1,label_flip,0.7,2,t2_random_k44,,,,0.432375,-0.08649999999999997,-0.8357487922705308,,,44.0,,False
cifar10,dir1,label_flip,0.7,2,t2_random_k45,,,,0.451,-0.06787499999999996,-0.6557971014492747,,,45.0,,False
cifar10,dir1,label_flip,0.7,2,t2_random_k47,,,,0.471125,-0.04774999999999996,-0.46135265700483036,,,47.0,,False
cifar10,dir1,label_flip,0.7,2,t2_random_k53,,,,0.42675,-0.09212499999999996,-0.8900966183574872,,,53.0,,False
cifar10,dir1,label_flip,0.7,2,t2_random_k54,,,,0.46425,-0.05462499999999998,-0.5277777777777773,,,54.0,,False
cifar10,dir1,label_flip,0.7,2,t2_random_k55,,,,0.4505,-0.06837499999999996,-0.6606280193236709,,,55.0,,False
cifar10,dir1,label_flip,0.7,2,t2_random_k56,,,,0.461375,-0.057499999999999996,-0.5555555555555554,,,56.0,,False
cifar10,dir1,label_flip,0.7,2,t2_random_k57,,,,0.426,-0.09287499999999999,-0.8973429951690817,,,57.0,,False
cifar10,dir1,label_flip,0.7,2,t2_random_k58,,,,0.501125,-0.017749999999999932,-0.1714975845410621,,,58.0,,False
cifar10,dir1,label_flip,0.7,2,t2_random_k74,,,,0.524625,0.005750000000000033,0.05555555555555585,,,74.0,,False
cifar10,dir1,label_flip,0.7,2,t2_random_k76,,,,0.504625,-0.014249999999999985,-0.13768115942028966,,,76.0,,False
cifar10,dir1,label_flip,0.7,2,t2_sign_comfedsv,comfedsv,P1,retrain,0.588,0.06912499999999999,0.6678743961352653,,,47.0,,False
cifar10,dir1,label_flip,0.7,2,t2_sign_fedif,fedif,P1,retrain,0.622375,0.10350000000000004,1.0,,73.0,53.0,,True
cifar10,dir1,label_flip,0.7,2,t2_sign_fedsv,fedsv,P1,retrain,0.579,0.060124999999999984,0.580917874396135,,,45.0,,False
cifar10,dir1,label_flip,0.7,2,t2_sign_flirds,flirds,P1,retrain,0.622375,0.10350000000000004,1.0,,73.0,53.0,,False
cifar10,dir1,label_flip,0.7,2,t2_sign_flirds1st,flirds1st,P1,retrain,0.622375,0.10350000000000004,1.0,,73.0,53.0,,True
cifar10,dir1,label_flip,0.7,2,t2_sign_gtg,gtg,P1,retrain,0.594625,0.07574999999999998,0.7318840579710141,,,43.0,,False
cifar10,dir1,label_flip,0.7,2,t2_sign_lossheur,lossheur,P1,retrain,0.622375,0.10350000000000004,1.0,,73.0,53.0,,True
cifar10,dir1,label_flip,0.7,2,t2_sign_shapleyfl,shapleyfl,P1,retrain,0.6005,0.08162500000000006,0.7886473429951694,,108.0,44.0,,False
cifar10,dir1,label_flip,0.7,2,t2_signw_comfedsv,comfedsv,P2,retrain,0.589,0.07012499999999999,0.6775362318840576,,,47.0,,False
cifar10,dir1,label_flip,0.7,2,t2_signw_fedif,fedif,P2,retrain,0.6215,0.10262500000000008,0.9915458937198072,,79.0,53.0,,False
cifar10,dir1,label_flip,0.7,2,t2_signw_fedsv,fedsv,P2,retrain,0.587875,0.06900000000000006,0.6666666666666671,,,45.0,,False
cifar10,dir1,label_flip,0.7,2,t2_signw_flirds,flirds,P2,retrain,0.618375,0.09950000000000003,0.9613526570048309,,73.0,53.0,,False
cifar10,dir1,label_flip,0.7,2,t2_signw_flirds1st,flirds1st,P2,retrain,0.61975,0.10087500000000005,0.9746376811594204,,79.0,53.0,,False
cifar10,dir1,label_flip,0.7,2,t2_signw_gtg,gtg,P2,retrain,0.593375,0.07450000000000001,0.719806763285024,,,43.0,,False
cifar10,dir1,label_flip,0.7,2,t2_signw_lossheur,lossheur,P2,retrain,0.617625,0.09875,0.9541062801932364,,79.0,53.0,,False
cifar10,dir1,label_flip,0.7,2,t2_signw_shapleyfl,shapleyfl,P2,retrain,0.60125,0.08237499999999998,0.7958937198067628,,107.0,44.0,,False
cifar10,dir1,label_flip,0.7,2,vanilla,,,,0.518875,0.0,0.0,,,,,
cifar10,iid,clean,,0,flirds_gate_v1,flirds,P1v1,online,0.64375,-0.005374999999999908,,,67.0,,,
cifar10,iid,clean,,0,flirds_gate_v2,flirds,P1,online,0.645375,-0.00374999999999992,,,63.0,,,
cifar10,iid,clean,,0,flirds_gatew_v1,,,,0.6455,-0.0036249999999999893,,,67.0,,,
cifar10,iid,clean,,0,flirds_gatew_v2,flirds,P2,online,0.636875,-0.012249999999999983,,,67.0,,,
cifar10,iid,clean,,0,flirds_mult,flirds,P3,online,0.646875,-0.0022499999999999742,,,64.0,,,
cifar10,iid,clean,,0,flirds_zgate_v2,flirds,P4,online,0.6455,-0.0036249999999999893,,,61.0,,,
cifar10,iid,clean,,0,vanilla,,,,0.649125,0.0,,,65.0,,,
cifar10,iid,clean,,1,flirds_gate_v1,flirds,P1v1,online,0.6395,-0.008750000000000036,,,66.0,,,
cifar10,iid,clean,,1,flirds_gate_v2,flirds,P1,online,0.64875,0.000500000000000056,,,66.0,,,
cifar10,iid,clean,,1,flirds_gatew_v1,,,,0.614875,-0.033375000000000044,,,66.0,,,
cifar10,iid,clean,,1,flirds_gatew_v2,flirds,P2,online,0.646625,-0.0016249999999999876,,,67.0,,,
cifar10,iid,clean,,1,flirds_mult,flirds,P3,online,0.648125,-0.00012500000000004174,,,63.0,,,
cifar10,iid,clean,,1,flirds_zgate_v2,flirds,P4,online,0.650125,0.00187499999999996,,,63.0,,,
cifar10,iid,clean,,1,vanilla,,,,0.64825,0.0,,,62.0,,,
cifar10,iid,clean,,2,flirds_gate_v1,flirds,P1v1,online,0.641125,-0.007750000000000035,,,64.0,,,
cifar10,iid,clean,,2,flirds_gate_v2,flirds,P1,online,0.63425,-0.014624999999999999,,,65.0,,,
cifar10,iid,clean,,2,flirds_gatew_v1,,,,0.641375,-0.007499999999999951,,,66.0,,,
cifar10,iid,clean,,2,flirds_gatew_v2,flirds,P2,online,0.64025,-0.008624999999999994,,,62.0,,,
cifar10,iid,clean,,2,flirds_mult,flirds,P3,online,0.645,-0.003874999999999962,,,62.0,,,
cifar10,iid,clean,,2,flirds_zgate_v2,flirds,P4,online,0.648625,-0.00024999999999997247,,,62.0,,,
cifar10,iid,clean,,2,vanilla,,,,0.648875,0.0,,,62.0,,,
cifar10,iid,free_rider,,0,flirds_gate_v1,flirds,P1v1,online,0.60475,-0.005124999999999935,-0.20707070707070405,1.0,68.0,,,
cifar10,iid,free_rider,,0,flirds_gate_v2,flirds,P1,online,0.625625,0.015750000000000042,0.6363636363636368,0.9333333333333333,71.0,,,
cifar10,iid,free_rider,,0,flirds_gatew_v1,,,,0.61775,0.007875000000000076,0.3181818181818206,1.0,74.0,,,
cifar10,iid,free_rider,,0,flirds_gatew_v2,flirds,P2,online,0.62725,0.01737500000000003,0.7020202020202018,0.9166666666666666,69.0,,,
cifar10,iid,free_rider,,0,flirds_mult,flirds,P3,online,0.627875,0.018000000000000016,0.7272727272727264,0.4645833333333333,83.0,,,
cifar10,iid,free_rider,,0,flirds_zgate_v2,flirds,P4,online,0.6055,-0.004374999999999907,-0.17676767676767263,0.9,114.0,,,
cifar10,iid,free_rider,,0,oracle_excl,,,,0.634625,0.02475000000000005,1.0,,69.0,,,
cifar10,iid,free_rider,,0,random_excl,,,,0.6035,-0.0063749999999999085,-0.25757575757575335,,118.0,,,
cifar10,iid,free_rider,,0,vanilla,,,,0.609875,0.0,0.0,,111.0,,,
cifar10,iid,free_rider,,1,flirds_gate_v1,flirds,P1v1,online,0.63125,0.028124999999999956,0.8333333333333334,1.0,70.0,,,
cifar10,iid,free_rider,,1,flirds_gate_v2,flirds,P1,online,0.6355,0.03237499999999993,0.9592592592592587,0.85,70.0,,,
cifar10,iid,free_rider,,1,flirds_gatew_v1,,,,0.630375,0.027249999999999996,0.8074074074074086,1.0,72.0,,,
cifar10,iid,free_rider,,1,flirds_gatew_v2,flirds,P2,online,0.63525,0.03212499999999996,0.9518518518518522,0.9166666666666666,69.0,,,
cifar10,iid,free_rider,,1,flirds_mult,flirds,P3,online,0.62025,0.017124999999999946,0.5074074074074066,0.38708333333333333,79.0,,,
cifar10,iid,free_rider,,1,flirds_zgate_v2,flirds,P4,online,0.60575,0.0026249999999999885,0.07777777777777756,0.9166666666666666,110.0,,,
cifar10,iid,free_rider,,1,oracle_excl,,,,0.636875,0.03374999999999995,1.0,,63.0,,,
cifar10,iid,free_rider,,1,random_excl,,,,0.603625,0.0004999999999999449,0.014814814814813207,,106.0,,,
cifar10,iid,free_rider,,1,vanilla,,,,0.603125,0.0,0.0,,108.0,,,
cifar10,iid,free_rider,,2,flirds_gate_v1,flirds,P1v1,online,0.62675,0.014875000000000083,0.6329787234042568,1.0,71.0,,,
cifar10,iid,free_rider,,2,flirds_gate_v2,flirds,P1,online,0.631375,0.019500000000000073,0.8297872340425536,0.8666666666666667,65.0,,,
cifar10,iid,free_rider,,2,flirds_gatew_v1,,,,0.6265,0.014624999999999999,0.6223404255319128,1.0,71.0,,,
cifar10,iid,free_rider,,2,flirds_gatew_v2,flirds,P2,online,0.6325,0.020625000000000004,0.8776595744680824,0.8666666666666667,65.0,,,
cifar10,iid,free_rider,,2,flirds_mult,flirds,P3,online,0.6295,0.017625000000000002,0.7499999999999977,0.35791666666666666,75.0,,,
cifar10,iid,free_rider,,2,flirds_zgate_v2,flirds,P4,online,0.61375,0.001875000000000071,0.07978723404255596,0.8333333333333334,108.0,,,
cifar10,iid,free_rider,,2,oracle_excl,,,,0.635375,0.023500000000000076,1.0,,66.0,,,
cifar10,iid,free_rider,,2,random_excl,,,,0.588625,-0.023249999999999993,-0.9893617021276561,,,,,
cifar10,iid,free_rider,,2,vanilla,,,,0.611875,0.0,0.0,,102.0,,,
cifar10,iid,grad_noise,,0,flirds_gate_v1,flirds,P1v1,online,0.583625,0.32487499999999997,0.8643165946125706,1.0,62.0,,,
cifar10,iid,grad_noise,,0,flirds_gate_v2,flirds,P1,online,0.6285,0.36974999999999997,0.9837046890588625,1.0,58.0,,,
cifar10,iid,grad_noise,,0,flirds_gatew_v1,,,,0.583625,0.32487499999999997,0.8643165946125706,1.0,69.0,,,
cifar10,iid,grad_noise,,0,flirds_gatew_v2,flirds,P2,online,0.613625,0.354875,0.944130362487529,1.0,87.0,,,
cifar10,iid,grad_noise,,0,flirds_mult,flirds,P3,online,0.551875,0.293125,0.779847023611573,1.0,,,,
cifar10,iid,grad_noise,,0,flirds_zgate_v2,flirds,P4,online,0.297,0.038250000000000006,0.10176255404057201,1.0,,,,
cifar10,iid,grad_noise,,0,oracle_excl,,,,0.634625,0.375875,1.0,,69.0,,,
cifar10,iid,grad_noise,,0,random_excl,,,,0.2655,0.006750000000000034,0.017958097771865737,,,,,
cifar10,iid,grad_noise,,0,vanilla,,,,0.25875,0.0,0.0,,,,,
cifar10,iid,grad_noise,,1,flirds_gate_v1,flirds,P1v1,online,0.57475,0.323,0.8386887374229147,1.0,86.0,,,
cifar10,iid,grad_noise,,1,flirds_gate_v2,flirds,P1,online,0.590125,0.33837500000000004,0.8786108406361572,1.0,68.0,,,
cifar10,iid,grad_noise,,1,flirds_gatew_v1,,,,0.5775,0.32575000000000004,0.8458292762090232,1.0,86.0,,,
cifar10,iid,grad_noise,,1,flirds_gatew_v2,flirds,P2,online,0.61525,0.3635,0.9438493995456021,1.0,68.0,,,
cifar10,iid,grad_noise,,1,flirds_mult,flirds,P3,online,0.51975,0.26800000000000007,0.6958779617007467,1.0,,,,
cifar10,iid,grad_noise,,1,flirds_zgate_v2,flirds,P4,online,0.33625,0.08450000000000002,0.21940928270042198,1.0,,,,
cifar10,iid,grad_noise,,1,oracle_excl,,,,0.636875,0.385125,1.0,,63.0,,,
cifar10,iid,grad_noise,,1,random_excl,,,,0.274375,0.022625000000000006,0.058747160012982816,,,,,
cifar10,iid,grad_noise,,1,vanilla,,,,0.25175,0.0,0.0,,,,,
cifar10,iid,grad_noise,,2,flirds_gate_v1,flirds,P1v1,online,0.580375,0.32175,0.8540145985401458,1.0,79.0,,,
cifar10,iid,grad_noise,,2,flirds_gate_v2,flirds,P1,online,0.624375,0.36575,0.9708029197080291,1.0,55.0,,,
cifar10,iid,grad_noise,,2,flirds_gatew_v1,,,,0.570375,0.31174999999999997,0.8274717982747178,1.0,62.0,,,
cifar10,iid,grad_noise,,2,flirds_gatew_v2,flirds,P2,online,0.6265,0.36787499999999995,0.9764432647644324,1.0,52.0,,,
cifar10,iid,grad_noise,,2,flirds_mult,flirds,P3,online,0.527125,0.26849999999999996,0.7126741871267417,1.0,,,,
cifar10,iid,grad_noise,,2,flirds_zgate_v2,flirds,P4,online,0.324125,0.0655,0.1738553417385534,1.0,,,,
cifar10,iid,grad_noise,,2,oracle_excl,,,,0.635375,0.37675000000000003,1.0,,66.0,,,
cifar10,iid,grad_noise,,2,random_excl,,,,0.2535,-0.005124999999999991,-0.013603185136031825,,,,,
cifar10,iid,grad_noise,,2,vanilla,,,,0.258625,0.0,0.0,,,,,
cifar10,iid,label_flip,0.15,0,flirds_gate_v1,flirds,P1v1,online,0.607625,-0.02300000000000002,16.72727272727256,0.6931483816729719,67.0,,,
cifar10,iid,label_flip,0.15,0,flirds_gate_v2,flirds,P1,online,0.6245,-0.006124999999999936,4.454545454545359,0.575031525851198,70.0,,,
cifar10,iid,label_flip,0.15,0,flirds_gatew_v1,,,,0.61925,-0.011375000000000024,8.272727272727199,0.6300966792770072,76.0,,,
cifar10,iid,label_flip,0.15,0,flirds_gatew_v2,flirds,P2,online,0.618125,-0.012499999999999956,9.090909090908958,0.37620849096258935,72.0,,,
cifar10,iid,label_flip,0.15,0,flirds_mult,flirds,P3,online,0.625625,-0.0050000000000000044,3.6363636363636,0.3858764186633039,70.0,,,
cifar10,iid,label_flip,0.15,0,flirds_zgate_v2,flirds,P4,online,0.621625,-0.009000000000000008,6.545454545454479,0.6477511559478772,73.0,,,
cifar10,iid,label_flip,0.15,0,oracle_excl,,,,0.62925,-0.001375000000000015,1.0,,69.0,,,
cifar10,iid,label_flip,0.15,0,random_excl,,,,0.612625,-0.018000000000000016,13.090909090908958,,76.0,,,
cifar10,iid,label_flip,0.15,0,vanilla,,,,0.630625,0.0,-0.0,,70.0,,,
cifar10,iid,label_flip,0.15,1,flirds_gate_v1,flirds,P1v1,online,0.628375,-0.0020000000000000018,-0.4,0.6274038461538461,72.0,,,
cifar10,iid,label_flip,0.15,1,flirds_gate_v2,flirds,P1,online,0.6225,-0.007874999999999965,-1.5749999999999917,0.6466346153846154,73.0,,,
cifar10,iid,label_flip,0.15,1,flirds_gatew_v1,,,,0.627,-0.003375000000000017,-0.6750000000000028,0.6646634615384616,75.0,,,
cifar10,iid,label_flip,0.15,1,flirds_gatew_v2,flirds,P2,online,0.612,-0.01837500000000003,-3.675000000000003,0.500801282051282,75.0,,,
cifar10,iid,label_flip,0.15,1,flirds_mult,flirds,P3,online,0.63025,-0.00012500000000004174,-0.025000000000008328,0.40024038461538464,70.0,,,
cifar10,iid,label_flip,0.15,1,flirds_zgate_v2,flirds,P4,online,0.636625,0.006249999999999978,1.2499999999999944,0.7303685897435896,71.0,,,
cifar10,iid,label_flip,0.15,1,oracle_excl,,,,0.635375,0.0050000000000000044,1.0,,68.0,,,
cifar10,iid,label_flip,0.15,1,random_excl,,,,0.60325,-0.027125000000000066,-5.425000000000009,,85.0,,,
cifar10,iid,label_flip,0.15,1,vanilla,,,,0.630375,0.0,0.0,,72.0,,,
cifar10,iid,label_flip,0.15,2,flirds_gate_v1,flirds,P1v1,online,0.612625,-0.009375000000000022,-1.5000000000000089,0.7133681252509032,71.0,,,
cifar10,iid,label_flip,0.15,2,flirds_gate_v2,flirds,P1,online,0.621375,-0.0006249999999999867,-0.09999999999999823,0.6499397832195907,69.0,,,
cifar10,iid,label_flip,0.15,2,flirds_gatew_v1,,,,0.614125,-0.007874999999999965,-1.259999999999999,0.7101565636290647,74.0,,,
cifar10,iid,label_flip,0.15,2,flirds_gatew_v2,flirds,P2,online,0.610875,-0.011125000000000052,-1.7800000000000145,0.4897631473303894,71.0,,,
cifar10,iid,label_flip,0.15,2,flirds_mult,flirds,P3,online,0.617,-0.0050000000000000044,-0.8000000000000036,0.3693295865114411,64.0,,,
cifar10,iid,label_flip,0.15,2,flirds_zgate_v2,flirds,P4,online,0.6175,-0.0044999999999999485,-0.7199999999999943,0.6989160979526294,66.0,,,
cifar10,iid,label_flip,0.15,2,oracle_excl,,,,0.62825,0.006249999999999978,1.0,,62.0,,,
cifar10,iid,label_flip,0.15,2,random_excl,,,,0.589375,-0.032625000000000015,-5.220000000000021,,91.0,,,
cifar10,iid,label_flip,0.15,2,vanilla,,,,0.622,0.0,0.0,,69.0,,,
cifar10,iid,label_flip,0.35,0,flirds_gate_v1,flirds,P1v1,online,0.62475,0.029874999999999985,0.8690909090909104,0.9638503572929802,78.0,,,
cifar10,iid,label_flip,0.35,0,flirds_gate_v2,flirds,P1,online,0.6105,0.015625,0.4545454545454554,0.7650273224043715,72.0,,,
cifar10,iid,label_flip,0.35,0,flirds_gatew_v1,,,,0.619625,0.02474999999999994,0.7199999999999996,0.984026902059689,73.0,,,
cifar10,iid,label_flip,0.35,0,flirds_gatew_v2,flirds,P2,online,0.607875,0.013000000000000012,0.37818181818181923,0.605296343001261,78.0,,,
cifar10,iid,label_flip,0.35,0,flirds_mult,flirds,P3,online,0.619125,0.024249999999999994,0.7054545454545467,0.7515762925598991,79.0,,,
cifar10,iid,label_flip,0.35,0,flirds_zgate_v2,flirds,P4,online,0.604875,0.010000000000000009,0.2909090909090917,0.9953762084909626,85.0,,,
cifar10,iid,label_flip,0.35,0,oracle_excl,,,,0.62925,0.03437499999999993,1.0,,69.0,,,
cifar10,iid,label_flip,0.35,0,random_excl,,,,0.59625,0.001374999999999904,0.03999999999999729,,,,,
cifar10,iid,label_flip,0.35,0,vanilla,,,,0.594875,0.0,0.0,,92.0,,,
cifar10,iid,label_flip,0.35,1,flirds_gate_v1,flirds,P1v1,online,0.607125,0.01550000000000007,0.3542857142857153,0.9983974358974359,79.0,,,
cifar10,iid,label_flip,0.35,1,flirds_gate_v2,flirds,P1,online,0.609875,0.01824999999999999,0.41714285714285626,0.8205128205128205,71.0,,,
cifar10,iid,label_flip,0.35,1,flirds_gatew_v1,,,,0.603375,0.011750000000000038,0.268571428571429,0.9971955128205128,79.0,,,
cifar10,iid,label_flip,0.35,1,flirds_gatew_v2,flirds,P2,online,0.607875,0.016250000000000098,0.3714285714285731,0.7107371794871794,75.0,,,
cifar10,iid,label_flip,0.35,1,flirds_mult,flirds,P3,online,0.61625,0.024625000000000008,0.5628571428571422,0.8393429487179487,79.0,,,
cifar10,iid,label_flip,0.35,1,flirds_zgate_v2,flirds,P4,online,0.5925,0.0008750000000000702,0.020000000000001572,1.0,95.0,,,
cifar10,iid,label_flip,0.35,1,oracle_excl,,,,0.635375,0.04375000000000007,1.0,,68.0,,,
cifar10,iid,label_flip,0.35,1,random_excl,,,,0.569875,-0.021749999999999936,-0.49714285714285494,,,,,
cifar10,iid,label_flip,0.35,1,vanilla,,,,0.591625,0.0,0.0,,95.0,,,
cifar10,iid,label_flip,0.35,2,flirds_gate_v1,flirds,P1v1,online,0.617375,0.027124999999999955,0.7138157894736845,0.9939783219590527,75.0,,,
cifar10,iid,label_flip,0.35,2,flirds_gate_v2,flirds,P1,online,0.587,-0.003250000000000086,-0.08552631578947613,0.8474508229626656,71.0,,,
cifar10,iid,label_flip,0.35,2,flirds_gatew_v1,,,,0.6105,0.02024999999999999,0.5328947368421061,0.9971898835808912,71.0,,,
cifar10,iid,label_flip,0.35,2,flirds_gatew_v2,flirds,P2,online,0.58175,-0.008500000000000063,-0.2236842105263179,0.6876756322761943,72.0,,,
cifar10,iid,label_flip,0.35,2,flirds_mult,flirds,P3,online,0.613,0.022749999999999937,0.5986842105263154,0.9076676033721397,72.0,,,
cifar10,iid,label_flip,0.35,2,flirds_zgate_v2,flirds,P4,online,0.595875,0.005624999999999991,0.14802631578947376,1.0,92.0,,,
cifar10,iid,label_flip,0.35,2,oracle_excl,,,,0.62825,0.03799999999999992,1.0,,62.0,,,
cifar10,iid,label_flip,0.35,2,random_excl,,,,0.55075,-0.03950000000000009,-1.0394736842105308,,,,,
cifar10,iid,label_flip,0.35,2,vanilla,,,,0.59025,0.0,0.0,,87.0,,,
cifar10,iid,label_flip,0.7,0,flirds_gate_v1,flirds,P1v1,online,0.57125,0.03325,0.36438356164383584,1.0,73.0,,,
cifar10,iid,label_flip,0.7,0,flirds_gate_v2,flirds,P1,online,0.60325,0.06524999999999992,0.7150684931506845,0.8394283312316099,72.0,,,
cifar10,iid,label_flip,0.7,0,flirds_gatew_v1,,,,0.605375,0.06737499999999996,0.7383561643835617,1.0,84.0,,,
cifar10,iid,label_flip,0.7,0,flirds_gatew_v2,flirds,P2,online,0.609125,0.071125,0.779452054794521,0.8541403951240018,73.0,,,
cifar10,iid,label_flip,0.7,0,flirds_mult,flirds,P3,online,0.61425,0.07624999999999993,0.8356164383561642,0.9756200084068936,73.0,,,
cifar10,iid,label_flip,0.7,0,flirds_zgate_v2,flirds,P4,online,0.591125,0.05312499999999998,0.5821917808219179,1.0,,,,
cifar10,iid,label_flip,0.7,0,oracle_excl,,,,0.62925,0.09124999999999994,1.0,,69.0,,,
cifar10,iid,label_flip,0.7,0,random_excl,,,,0.561,0.02300000000000002,0.25205479452054835,,,,,
cifar10,iid,label_flip,0.7,0,vanilla,,,,0.538,0.0,0.0,,,,,
cifar10,iid,label_flip,0.7,1,flirds_gate_v1,flirds,P1v1,online,0.57725,0.07387500000000002,0.559659090909091,1.0,79.0,,,
cifar10,iid,label_flip,0.7,1,flirds_gate_v2,flirds,P1,online,0.598625,0.09524999999999995,0.7215909090909086,0.8986378205128204,72.0,,,
cifar10,iid,label_flip,0.7,1,flirds_gatew_v1,,,,0.595,0.09162499999999996,0.6941287878787875,1.0,85.0,,,
cifar10,iid,label_flip,0.7,1,flirds_gatew_v2,flirds,P2,online,0.5965,0.09312500000000001,0.7054924242424243,0.8774038461538463,71.0,,,
cifar10,iid,label_flip,0.7,1,flirds_mult,flirds,P3,online,0.602,0.09862499999999996,0.7471590909090906,0.9871794871794872,79.0,,,
cifar10,iid,label_flip,0.7,1,flirds_zgate_v2,flirds,P4,online,0.520875,0.01749999999999996,0.13257575757575726,1.0,,,,
cifar10,iid,label_flip,0.7,1,oracle_excl,,,,0.635375,0.132,1.0,,68.0,,,
cifar10,iid,label_flip,0.7,1,random_excl,,,,0.48975,-0.013624999999999998,-0.10321969696969695,,,,,
cifar10,iid,label_flip,0.7,1,vanilla,,,,0.503375,0.0,0.0,,,,,
cifar10,iid,label_flip,0.7,2,flirds_gate_v1,flirds,P1v1,online,0.615875,0.10587499999999994,0.8953488372093021,1.0,75.0,,,
cifar10,iid,label_flip,0.7,2,flirds_gate_v2,flirds,P1,online,0.58825,0.07825000000000004,0.6617336152219878,0.8900040144520274,66.0,,,
cifar10,iid,label_flip,0.7,2,flirds_gatew_v1,,,,0.6185,0.10850000000000004,0.91754756871036,1.0,77.0,,,
cifar10,iid,label_flip,0.7,2,flirds_gatew_v2,flirds,P2,online,0.603875,0.09387500000000004,0.7938689217758991,0.8703331995182658,65.0,,,
cifar10,iid,label_flip,0.7,2,flirds_mult,flirds,P3,online,0.606625,0.09662499999999996,0.8171247357293868,0.9915696507426737,77.0,,,
cifar10,iid,label_flip,0.7,2,flirds_zgate_v2,flirds,P4,online,0.512625,0.0026249999999999885,0.02219873150105699,1.0,,,,
cifar10,iid,label_flip,0.7,2,oracle_excl,,,,0.62825,0.11824999999999997,1.0,,62.0,,,
cifar10,iid,label_flip,0.7,2,random_excl,,,,0.456125,-0.053875000000000006,-0.455602536997886,,,,,
cifar10,iid,label_flip,0.7,2,vanilla,,,,0.51,0.0,0.0,,,,,
